1091	3.44870730103
54065	2.3779625695
30007	1.78144764582
30043	1.13072873111
41001	2.84608612779
41003	13.1000347552
41005	7.37731386995
41007	24.9529504573
41009	3.81813481463
41011	4.27703767403
41013	2.90809607035
41015	6.3308011467
41017	11.4751097664
41019	6.96045651311
41021	4.23728813559
41023	2.05325362541
41025	1.95688090788
41027	14.1289686523
41029	5.48248587778
41031	8.43725443664
41033	4.95000803472
41035	4.83044479096
41037	3.41850041782
41039	12.4822755889
42011	10.9603533917
41041	16.9223369102
41043	9.85428998025
41045	2.25763012614
41047	10.1458447996
46103	11.8696304024
41049	4.46069812883
41051	57.4328723251
41053	5.95570313902
41055	5.85788561525
41057	12.6940095332
41059	4.17589108696
41061	4.03301182275
41063	6.39839803501
41065	7.04185567935
41067	10.3430217019
41069	7.34250543085
41071	5.8213549743
56007	9.1073511793
6007	6.67000929593
42015	3.39230401619
9009	12.2758833226
33001	11.3054867005
33003	11.9867080865
33005	6.62262701943
33007	5.60694306163
33009	11.5291507481
33011	9.39227166799
33013	8.10590851054
33015	10.8992540056
54019	8.29773007312
33017	9.40939483077
33019	3.33665006448
42017	15.9150185648
47029	7.93088609096
48365	3.33005703973
54067	2.48491932342
56031	9.86615725355
42019	7.3990331797
30091	3.81239666514
48245	16.5849172207
42021	3.5968907812
56043	2.3440269408
30019	16.5829145729
30103	5.38808010592
6067	11.8582631162
25001	18.0303120849
25003	12.4732153693
21225	20.4521963751
25005	9.84901009344
25007	49.1046050048
25009	11.9222802583
25011	6.49193298095
25013	13.4155372996
25015	11.0675763388
25017	14.5339418219
25019	64.1747534253
25021	10.3537576502
25023	9.9386071836
25025	46.7017784367
25027	14.4385710691
49011	5.93410724979
11001	71.2806944168
48239	3.26086411436
17203	1.49054238449
6019	12.0032142731
42027	6.66233102077
22115	1.87166041561
54031	5.71037798408
17001	1.8983043098
17003	4.28264109419
17005	3.57906787576
17007	8.75440372995
17009	2.46376216483
17011	2.89113718062
17013	5.03815673354
17015	2.92412368951
17017	1.26849357931
17019	8.36684354727
17021	3.86114625553
17023	5.65255188448
13043	12.9307640867
17025	0.539368507352
17027	5.20745568896
17029	5.03532325272
17031	21.6347689148
17033	6.63582195935
17035	3.803783622
17037	5.7986386045
17039	1.98978495174
17041	11.4844059886
17043	11.5524452499
31119	8.51457087758
17045	5.14856500138
17047	2.27165646601
17049	5.95787595516
17051	4.64442099056
17053	4.73672271717
17055	4.93343023891
17057	2.9563248059
17059	3.61911847926
17061	1.09720787687
17063	9.58351608344
17065	2.37369979459
17067	1.2768148636
17069	3.43798367554
17071	2.06033443298
17073	7.0672024393
17075	30.3066908205
17077	7.06130042698
17079	0.762830814296
17081	6.34992608259
17083	5.49602239468
17085	6.44539554702
17087	2.49909556541
29211	1.57258064516
17089	9.99600089804
17091	11.8475151539
17093	9.94021346383
17095	2.67723414878
17097	9.68300331314
17099	9.35387765332
17101	1.6144868503
17103	8.21559224977
17105	3.4418448767
17107	6.65459842133
17109	3.74069196138
17111	12.3527185834
17113	7.13063531577
17115	4.2402121014
17117	8.02833565115
17119	8.39494548366
17121	4.46398848494
17123	3.01499394175
17125	2.99017594369
17127	3.75137680739
17129	38.8958791379
17131	4.17316064144
17133	11.2073707013
17135	4.46582566507
17137	3.37754351106
17139	3.66707121211
17141	3.84456931523
17143	13.0624202186
17145	4.13354912784
17147	3.6835647602
29213	16.1707647571
17149	1.90032603633
17151	8.26726287106
17153	3.3577352742
17155	13.3584082028
17157	2.26506412842
17159	3.12485934918
17161	6.98329676332
17163	6.59414859842
17165	1.86791174192
17167	12.8415906777
17169	1.36217087587
17171	17.1337445027
17173	2.8719013023
17175	3.20576401105
17177	5.82758678725
17179	9.33131776242
17181	4.06666878736
17183	12.6025036845
17185	2.88589236401
17187	4.31535732282
17189	2.4673613995
17191	3.10393089333
17193	6.2870021716
17195	2.19667312772
17197	13.8839076114
17199	7.98455193721
17201	11.5539393253
9011	21.835986053
9013	7.55956986356
9015	9.0247433243
29215	3.49010819914
50001	4.93067852571
50003	9.53029346238
50005	3.9938197849
50007	14.6778613774
50009	7.66048434917
50011	14.087731067
50013	2096.79894813
50015	17.4078923032
50017	3.57789449342
50019	23.9005413194
50021	6.22493953068
50023	8.36763981983
50025	12.5033068494
50027	6.03514059214
29217	1.41772876987
29219	5.55786072771
13125	7.70354220905
54043	3.82593215713
22007	20.9755711038
1001	7.71756027815
1003	21.3886495975
1005	3.78401266995
1007	13.0320739508
1009	7.66109976639
13127	17.9288227845
1011	0.863942979763
1013	4.66151363289
1015	6.49628985462
1017	4.52012454907
1019	90.1171243479
1021	5.26471900081
1023	25.6496025608
1025	3.74759288176
1027	5.52409603913
1029	4.63576735042
1031	3.75752889221
1033	12.7540804621
1035	6.0132013645
1037	1.82028812626
1039	13.6820701399
1041	3.61550650568
1043	5.362683826
1045	3.59645090897
1047	11.6049269485
42009	5.2060853688
1051	8.76804149494
42013	7.08827388472
1055	6.10360995001
1057	1.87361963941
1059	2.83751153727
1061	1.29666629251
42023	2.27063848192
42025	9.74522866258
1067	3.32685228454
42029	9.55768780419
13129	6.46322255989
42031	2.8973247703
42033	3.46637972283
1075	3.48205874089
42037	6.95183672105
42039	4.9597583165
42041	15.7676104897
1083	11.8672519203
1085	5.00373213631
1087	5.55915133221
42049	30.8366746612
42051	7.46188181722
42053	1.32879045997
1095	8.41441580229
1097	15.1186983121
1099	2.18451386488
42061	1.87067048773
42063	5.33775825127
42065	3.21180398572
42067	9.58447526561
1109	8.70987430457
1111	7.45410454359
42073	9.46289837865
1115	5.21808765578
1117	9.65981058184
1119	18.141395323
1121	4.25879766667
1123	6.68351567183
1125	15.7968417725
1127	12.2935506485
1129	5.71564984938
13131	3.46053295801
1131	2.65615043095
1133	7.4714227349
42095	10.6685575194
42097	6.81740358444
42099	3.03818158313
6039	10.1867060838
42101	33.5368963319
42103	11.7395584082
42105	1.02179678679
42107	5.3522343656
42109	3.52249791126
49009	6.95775814158
42111	4.1345383072
42113	4.98835372111
42115	1.76176415796
42117	3.6364951804
42119	5.73660220167
42121	8.07619984082
42123	2.45709194899
42125	11.413402945
42127	5.98230627707
42129	7.00353058501
42131	3.08812871219
42133	9.3318068856
48229	10.1458512436
29227	10.4317347279
13133	13.6261180245
34001	23.3425967289
34003	16.4204846473
34005	12.4952548739
34007	13.7784539732
34009	59.859387389
34011	6.42810446326
34013	20.7396910374
34015	13.9229209655
34017	22.0850095184
34019	8.99283246878
34021	12.9377834921
34023	11.9955444192
34025	23.4349538235
34027	11.1140750794
34029	17.795827024
34031	9.97353224076
34033	7.75495746045
40141	1.81349642948
34035	11.2991724535
34037	6.23560184132
34039	14.2093019639
34041	9.84685982527
48251	8.41166596679
40143	11.6873875212
22067	3.12229737221
48327	8.77893056664
13139	8.00203594719
54057	2.36494183598
48329	5.69327377823
22079	12.9468225116
26001	55.3371164679
26003	9.7110089713
26005	3.24683340289
26007	2.90399092503
26009	9.77280196386
26011	6.35762690149
26013	5.56267337965
26015	4.81207893077
26017	16.9737599005
26019	6.39468838728
26021	9.68323907589
26023	11.5319860839
26025	8.35736950571
26027	9.42709309737
26029	7.13394136295
26031	8.76121890222
26033	43.2432637173
26035	4.52830086986
26037	8.83974173727
48331	3.49567592171
26039	16.9295696392
26041	7.59734641715
26043	2.09025026252
26045	6.9899851906
26047	9.15439376711
26049	14.5418501705
26051	3.19636615565
26053	4.30453714601
26055	11.1387939264
26057	4.63210064811
26059	7.03615690217
26061	36.0067241747
26063	3.58251411316
26065	13.776996338
13143	3.49041498509
26067	8.12134303656
26069	6.30829049065
26071	2.32135057896
26073	11.2918121849
26075	9.63616404836
26077	15.2238261441
26079	4.62249718181
26081	15.2796119472
26083	32.1800263662
26085	1.74227121026
26087	4.48434351719
26089	15.8813379122
26091	7.41371371805
26093	9.28385003164
26095	14.0679167325
26097	29.5067015978
26099	13.0273027448
26101	2.47574722718
26103	5.55935561781
26105	9.87169190126
26107	10.0065876812
26109	16.450214655
26111	5.60494619113
26113	3.35967536964
26115	9.31227645506
26117	5.53634463255
26119	3.02184810163
26121	9.38167615132
26123	3.52928968068
26125	13.3117909072
26127	5.27436194668
26129	3.7904630317
26131	67.7577021208
26133	1.96004160088
26135	1.55352060539
26137	6.48246834163
26139	8.3180451896
26141	29.0436459538
26143	6.88811513747
26145	14.5634928837
26147	11.0447556089
26149	10.782651412
26151	14.2590346135
26153	4.56339618749
26155	6.46390470063
26157	5.33289076692
26159	10.010615089
26161	20.0071568099
26163	21.3749286378
26165	9.23194638838
18001	2.46947527781
18003	10.2429574119
18005	7.74441668153
18007	3.38770388959
18009	8.04889066055
18011	11.9773088683
18013	8.61556994722
18015	4.25562169004
18017	9.94118596462
18019	11.3101329814
18021	3.15188598291
18023	3.32508723504
18025	6.54445868112
48337	4.2292606971
18027	1.19195659044
18029	4.37626061832
18031	7.55027984182
18033	7.64351033955
18035	13.3323846372
18037	2.30074321757
18039	10.6317696522
18041	2.70403295053
18043	28.5050561175
18045	3.82232999008
18047	1.76965642523
18049	9.75100919834
18051	7.80623554452
18053	9.75541845665
13149	2.65532665571
18055	0.815492915632
18057	14.9627269832
18059	7.95468595737
18061	22.9131627952
18063	9.90610876721
18065	7.08284888267
18067	8.81285142231
18069	11.480107193
18071	4.95545282692
18073	6.72051774256
18075	3.86700756566
18077	7.52932266211
18079	2.84999440584
18081	15.9984820798
18083	4.01584909455
18085	11.9203684675
48339	15.1468136201
18087	5.56360714478
18089	8.35952068951
18091	10.382229642
18093	3.6735421685
18095	7.35233397234
18097	25.6746975294
18099	7.24642622271
18101	2.33973810339
18103	8.39448282906
18105	10.5670828868
18107	6.24428477097
18109	4.47644651962
18111	5.35926511975
18113	10.9177813908
18115	3.63735828852
18117	6.89965681248
48241	5.84576488355
18119	4.31440000918
18121	4.9690976204
18123	2.2800668978
18125	0.57691974854
18127	6.9366336857
18129	11.825193826
18131	4.19399948884
18133	4.11722423265
18135	10.4726305846
18137	2.51607154679
18139	5.1443985011
18141	12.1455874167
18143	10.4032085052
18145	7.02844082214
48341	2.32882435301
18147	10.4274689599
18149	1.70804106442
18151	14.8250583514
18153	2.33570127858
18155	6.98270948128
18157	10.9024617989
18159	9.61141243777
18161	4.76240208877
18163	16.0604744073
18165	6.32688023267
18167	10.373394133
18169	4.4632541573
18171	1.3184004305
18173	7.19689811194
18175	3.43643937056
18177	16.4279868144
18179	5.47988554449
18181	18.3259559524
18183	4.99822035683
10001	28.6179351546
10003	14.5453297046
10005	21.9325343693
48343	5.80473423591
51001	11.2636856368
51003	9.2946336914
51005	3.37549355556
51007	2.25267009602
51009	5.51327419927
51011	3.31474755742
51013	24.4783855129
51015	7.27024051759
51017	6.64867103265
51019	6.1205050312
51021	7.212301455
51023	14.0101193514
51025	10.2755752931
51027	0.882284913694
51029	4.69693580854
51031	3.35662377454
51033	8.75091554512
48345	5.76062068992
51035	3.59570931283
51036	2.50748644858
51037	2.65520267432
51041	9.97829847951
51043	14.8727529843
51045	1.76420141299
51047	4.93522116517
51049	5.44202266588
51051	7.1320929916
51053	3.24222297022
51057	8.94631795657
51059	16.5009620925
51061	7.40041920603
51063	3.76983971316
51065	5.79045327217
51067	3.18461626241
51069	14.9453919666
51071	3.16425081565
51073	10.0822294084
51075	8.89672929713
51077	1.76325263949
51079	6.67063780934
51081	8.19971255591
51083	2.52739792077
51085	22.0501266244
51087	11.7897276161
51089	5.02466545196
51091	5.74529661253
51093	8.22801348386
51095	17.8022573741
51097	19.9751981183
51099	3.34917827357
51101	2.15294775424
51103	11.2517647441
51105	1.29729080435
51107	15.4980305103
51109	5.16738648716
51111	2.37087890157
51113	11.092486689
51115	9.04649792236
51117	6.53587958137
51119	9.24171854674
51121	13.3809776608
51125	8.75189041295
51127	16.1160162779
51131	18.9187745027
51133	51.4225013776
51135	1.88296455969
51137	5.40235801725
51139	18.3184432376
51141	9.76727771901
51143	3.33828328475
51145	7.09147789505
51147	5.54486076712
51149	31.8456123394
37197	3.717960114
51153	12.7282040644
51155	5.95231552219
51157	7.02843798046
51159	11.332185325
51161	7.99100924265
37199	4.86612872972
2013	43.7993434972
51167	12.0072217444
2016	7.67531587328
51169	3.73144876325
51171	9.45005321499
2020	13.5681562384
51173	3.14227773916
51175	2.13083281257
51177	20.6939914313
51179	11.619014487
51181	7.65044376252
51183	8.84451577843
51185	16.0839873257
51187	7.24515025
51191	4.15958587968
51193	5.70396345301
51195	4.19840364701
51197	9.62308297558
51199	13.6918926205
2050	4.70107093406
2060	21.686746988
49005	5.20366413661
2068	252.469962835
2070	3.17893624516
2090	15.4859008409
2100	20.6616300366
2110	91.1430210649
2122	19.8845974224
2130	209.624292788
2150	17.8553313841
2164	105.223148712
2170	13.9963796222
2180	8.94398176262
2185	8.10347639619
2188	6.57989251639
30079	6.20616893192
2201	209.624292788
2220	49.8348102035
2232	7.64715580092
35001	11.1125804833
35003	8.50852938362
35005	5.9001764209
35006	6.05126017601
35007	10.5716839232
2240	17.9577198807
35009	2.14335680705
35011	6.43559843328
35013	12.640955225
35015	8.64164985135
35017	5.12883949302
35019	29.3185915079
35021	8.69375373483
35023	41.9853182322
35025	7.61598115426
35027	6.83542737036
35028	4.01754339185
2261	46.334383036
35031	3.52463496173
35033	12.2324058489
35035	5.35495638021
35037	18.2884422676
2270	1.27115456939
35039	4.10290603128
35041	5.58489748
35043	4.3079326652
35045	12.0024200652
35047	11.0849259405
2280	7.64715580092
35049	10.7197777917
2282	355.748258404
35051	5.66179991565
35053	2.14025980199
35055	7.09517074367
35057	5.5021230723
2290	37.6460026273
35059	13.6235697941
35061	1.85391126339
48243	16.2633028735
55003	4.46455028023
6079	13.9860181088
51510	16.4235742343
51515	7.16274829281
49007	1.84046775425
51520	8.61652436054
51530	2.23859972363
51540	26.9080369527
51550	12.0324679451
54091	3.39016303031
55015	3.03159410386
51570	20.1525691512
27001	26.4493118331
27003	9.18122378323
51580	2.07177233217
27005	5.84995937528
27007	17.8311735437
27009	9.75079909617
27011	2.91953263449
27013	13.5415144771
51590	9.58737375859
27015	4.71496422249
27017	4.29829488253
27019	8.63679579314
27021	10.0990651361
27023	5.25292193051
51600	122.151500147
27025	6.10802228932
27027	4.70449334944
27029	1.80204464678
27031	29.695479778
27033	5.5544877955
51610	24.8276997404
27035	10.8111757883
27037	10.4167508851
27039	2.24033650769
27041	7.09765357778
27043	0.64769849635
51620	3.43829590183
27045	6.3561120361
27047	5.7323942479
27049	6.6583976729
27051	4.46362886414
27053	19.7078474098
51630	56.4603213042
27055	4.91878437283
47001	8.83420164769
27057	4.33112662373
27059	4.74831414615
27061	2.66521428835
27063	5.41402264527
51640	7.75427879905
27065	1.48610522196
27067	5.97465009399
27069	1410.24549145
27071	4.88572847437
27073	1.17404297709
51650	21.494948006
27075	13.4009444207
27077	31.9253431832
27079	2.64293419633
27081	6.28494363191
27083	6.41158666673
51660	11.3699008919
27085	5.94115094991
27087	5.54777033383
27089	2.10477453581
27091	3.50133372285
27093	1.11358181406
51670	6.51635509732
27095	4.27544582774
27097	4.57588843548
27099	8.90916984888
27101	6.15945848094
51678	10.5294236739
27103	5.91546594371
51680	14.7838197851
27105	3.6309512131
27107	6.12507685347
27109	7.4205928909
27111	6.05010566021
27113	3.86395745512
51690	4.83575696867
27115	4.85925531941
47003	26.9785870962
27117	2.99041573313
27119	10.2434030833
27121	2.80737884072
27123	11.6103531123
51700	16.42862223
27125	3.08427494283
27127	3.27505716463
27129	2.74360998557
27131	4.51010851482
27133	4.78871928518
51710	20.1932080421
27135	4.67152654963
27137	7.03771222774
27139	7.31131686403
27141	8.01206502799
27143	2.89269401609
51720	9.1215388036
27145	8.15522255611
27147	6.37294473505
27149	14.5273514963
27151	2.59353600847
27153	1.58427271045
51730	7.78735357078
27155	6.32868667094
27157	3.56731912066
31183	6.20703798067
27159	3.23048017872
27161	1.2963605999
27163	9.29972132152
51740	18.6616162509
27165	0.740773996588
27167	2.72660948275
27169	4.45796341926
27171	3.90254350501
27173	1.57019329471
51750	10.7311148895
47005	4.0219980739
48221	6.47144471506
51760	35.776899627
19001	3.31342274315
51770	17.6747171699
19003	2.44392427068
19005	1.33087323432
51775	31.0822670064
19009	1.24588339362
19011	3.67584628859
19013	7.9319333118
19015	10.1419466528
19017	14.8785458542
19019	5.74173542609
19021	3.71926016942
51790	4.94614547424
19023	2.67754544408
19025	1.50653295928
19027	3.37453615167
19029	1.60334796157
19031	6.16782207259
51800	13.535190921
19033	8.4307336106
19035	2.15528656
19037	3.61931242489
19039	11.5228505518
19041	2.82480449528
51810	18.5188937513
19043	9.70056621084
47007	2.69885522934
19045	7.11217604257
19047	0.913529344283
19049	11.1781635687
19051	2.03371384124
51820	11.5875621395
19053	2.43823746313
19055	2.77032338881
19057	4.60481111345
19059	25.7365754269
19061	11.0279944506
51830	51.8446817319
19063	2.97118847539
19065	5.24098046022
19067	1.96874437502
19069	5.83325049427
19071	4.47472238457
51840	26.100531558
19073	0.902724586935
19075	2.41188890694
19077	4.82478712454
19079	2.97731240824
19081	3.30279622986
19083	2.8421872734
19085	1.51079797529
6091	9.74729241877
19087	2.99337452796
19089	0.866050808314
19091	1.44342185877
19093	1.95825108076
19095	5.2344407389
19097	4.82287097414
19099	5.79663593181
19101	5.73843084521
19103	12.362768964
19105	2.69505954783
19107	15.1433322311
19109	2.26199334247
19111	4.52365460115
19113	9.23756793154
19115	2.89596427119
19117	1.59888760207
19119	1.35984209257
19121	2.43619422308
19123	7.33423966121
19125	5.51557338367
19127	4.30322812059
19129	4.39838538023
19131	1.5782433888
19133	2.71438381064
19135	2.47597353969
19137	2.28048149755
19139	9.01969103516
19141	2.1852937544
19143	3.09333851858
19145	2.58482687045
19147	0.898203592814
19149	13.2777590053
19151	1.67061138061
19153	17.4401951803
19155	11.240899638
19157	12.1171505553
19159	2.94831351614
19161	5.71355745342
19163	13.3364981124
19165	7.2299028783
19167	4.52761393508
19169	11.2584265749
19171	5.03378855233
19173	1.9564310061
19175	2.20306396298
19177	2.01100674473
19179	4.47612350376
19181	8.98606571699
19183	3.15733343866
19185	1.86412972907
19187	5.13987012937
19189	1.87961910176
19191	5.1657410557
19193	11.7922689627
19195	15.308703724
19197	1.98465139988
48257	15.4496841962
48259	8.64199614398
55087	6.46175274158
37193	2.62817602306
48261	1435.32958895
48263	4.08785600791
48265	6.95396153587
42035	4.03997205482
48267	7.95546474001
48269	3.26965520919
47015	4.03251341854
37195	5.71052832969
48271	51.9806898697
55099	1.86530198226
48273	39.9783106445
40083	21.3485975747
48247	48.3098018086
48277	5.0658663658
49017	28.609364033
48279	2.51586206897
47017	8.95677472614
56019	2.41298992912
48281	2.25440646795
48283	38.1842729843
55111	19.6058409535
48285	28.0045722126
48287	5.20067767184
48289	5.46348074272
47019	4.55864129704
48291	13.9694145229
48293	12.1486575991
44001	8.98746915936
44003	11.3329929622
44005	23.6457663257
44007	15.5080094042
44009	14.3541507674
48295	3.77255990758
55123	2.25892753523
6103	4.11348066035
48297	7.62374566117
48299	7.68458902161
48301	20.7873037177
48303	10.7503616903
55131	7.64166140064
48305	2.61293834595
48237	3.86915261806
48307	2.4993129782
55135	8.6518615584
48309	14.0439094137
29195	4.06268595263
48311	15.7769259536
29197	2.06655169192
48313	6.78230080671
29199	2.4494150434
23019	4.91869659557
48315	8.35157960588
29201	7.46699029729
48317	6.52409638554
29203	1.45276261644
48319	5.04342953208
29205	1.81454459279
47025	2.89827612784
48321	5.14872224238
29207	4.07783155924
48323	76.8672040175
29209	9.9810010874
49003	0.237303056041
48325	9.03740992021
36001	14.3587169647
36003	2.48268460546
36005	8.2139024653
36007	5.8944020167
36009	5.03684222528
36011	7.01281053458
36013	38.0473097742
36015	6.06013222311
36017	10.9560590793
36019	90.1120854029
36021	26.9643383043
36023	9.50183308459
36025	2.98414023372
36027	10.3508658929
36029	19.9369626295
36031	14.8433106476
48391	9.78839661713
36033	15.6970622911
36035	4.44046427492
36037	12.3684098003
36039	24.1119547812
36041	14.1448549879
36043	8.90226962528
36045	19.2072162603
36047	20.2084577661
36049	3.62667383047
36051	4.25594461365
36053	6.77461728457
36055	12.0881300521
6049	2.5988563606
36057	10.548901255
36059	18.0352816075
36061	100.941748879
36063	429.422463953
36065	6.89402848789
36067	13.489561962
36069	9.72792603239
36071	8.9760626226
36073	47.0306635944
36075	4.20384892369
36077	13.4129248074
36079	9.88857320587
36081	13.7678242114
36083	10.8514429158
36085	12.0378393964
36087	7.9255681757
36089	108.690678505
36091	10.7669304905
48393	5.84228967887
36093	5.7898074573
36095	4.3156094486
36097	9.2312570763
36099	8.8783961573
36101	6.03502931164
36103	12.5970896548
36105	7.38742280467
36107	10.2573304962
36109	6.73009653327
36111	9.97436850283
36113	13.6423204887
36115	6.04453623268
36117	22.702191074
36119	10.7311242396
36121	4.63270009823
36123	8.40335574309
47031	73.3987435544
48395	51.2767864164
23027	2.91332181256
6031	14.9532278083
6115	2.99144596481
28001	14.0655233826
28003	4.16486181816
28005	1.0841050444
28007	18.2932448093
28009	3.00372161465
28011	2.56910194463
28013	1.08093325562
28015	2.19417591275
28017	4.7647895197
28019	1.55500527446
48397	16.040156179
28021	6.21865742066
28023	5.93736115988
28025	3.25930209252
28027	5.69543985274
28029	5.23557509169
28031	4.24668029529
28033	12.1156675315
28035	11.8525796633
28037	79.1015656042
28039	1.92553859783
28041	1.73812796524
28043	7.88492530208
28045	6.43852979811
28047	20.6989141621
28049	19.021458703
28051	2.90617240368
28053	0.820115800351
28055	5.26800330508
28057	4.11637033831
28059	7.86290799065
28061	3.00975034823
28063	4.54266614235
28065	1.251577348
28067	14.4914761784
28069	3.2702481471
28071	22.435498981
28073	8.9175119588
28075	12.3401551228
28077	0.886554229075
28079	1.56660059746
48399	11.1982670271
28081	16.2918086775
28083	2.16758987616
28085	3.68952692998
28087	8.80074895369
28089	24.2235872615
28091	0.720288115246
28093	3.84566285725
28095	7.23732901456
28097	11.4127397231
28099	4.69128102791
28101	3.15879077947
28103	9.59974866113
28105	11.0180429811
28107	4.43048475479
28109	4.3468157655
28111	1.23269690494
28113	2.11126105863
28115	6.7124951527
28117	7.10591513144
28119	13.3863554201
28121	8.97574715459
28123	5.85050036824
28125	2.77269648838
28127	3.58038428449
28129	5.39139304238
28131	2.25440633966
28133	2.44708408815
28135	13.3544037914
28137	5.19579383994
28139	3.59936884344
48401	3.15932702925
28141	5.70672483043
28143	17.1784653068
28145	5.6717943272
28147	1.13196761441
28149	4.63295073411
28151	3.51004949786
28153	1.25346404203
28155	1.69234088823
28157	2.3240939752
28159	3.75273779903
28161	3.3629345382
28163	6.68517569389
48385	8.27497129736
47021	4.23909412903
48387	2.54058015098
47023	1.31554280087
48389	10.1270151676
20001	3.47368238303
20003	6.90785758533
20005	5.52082079078
20007	3.21941996932
48403	19.341576473
20009	14.1178273493
20011	4.88163830125
20013	2.37788727923
20015	9.80736338137
20017	14.6746031746
20019	3.05683076271
20021	3.02810491494
20023	4.42013767769
20025	151.560836581
20027	5.66015563796
20029	3.94330837
20031	4.59198017431
20033	5.67485402693
20035	8.46249573353
20037	14.6483122186
20039	7.77696820953
20041	7.05929059568
20043	1.05082155139
20045	18.5033472742
20047	3.44312393888
20049	3.75834803007
20051	19.2132789913
20053	3.71549533142
20055	8.55503647977
20057	6.0999608598
20059	7.86314903962
20061	3.70280412183
20063	8.22915018199
20065	5.83648220839
47041	6.85818662396
20067	4.23445716053
48405	5.08536302738
20069	2.48857483006
20071	5.24952179156
20073	3.70045752342
20075	7.97979191584
20077	20.7231781287
20079	5.59569384877
20081	3.14343133363
20083	5.68940493469
20085	7.21704492803
20087	2.8466988282
20089	5.86946105659
20091	12.7851707103
20093	3.56458602288
20095	5.81190815846
20097	5.92700996982
20099	8.95976272998
20101	4.35904815046
20103	9.44364473279
20105	4.75177825035
20107	2.08464691047
20109	7.44077094655
20111	8.39689369207
20113	8.73833879313
20115	3.97535398146
20117	4.16012687873
20119	2.99722522508
20121	4.76368139531
20123	6.05640282632
20125	7.85553271057
47043	14.887819298
20127	6.03657899321
48407	4.37299584713
20129	4.34423471904
20131	0.997933274284
20133	1.20739500913
20135	5.89692269016
20137	2.14400060985
20139	1.107568974
20141	17.6829211255
20143	5.57165415859
20145	8.82644186108
20147	10.5664388206
20149	6.14450663259
20151	4.41371575324
20153	3.1865585168
20155	9.13469356265
20157	4.11566390041
20159	6.84357339086
20161	11.0267310936
20163	9.55117307038
20165	11.8124068921
20167	6.00167157668
20169	11.0576765417
20171	2.58529278104
20173	14.4561106647
20175	7.96933535154
20177	13.2658151162
20179	4.67888230083
38043	3.78562164815
20181	12.3460290665
20183	1.974385637
20185	10.2302244522
47045	4.56408393608
20187	5.05667257185
20189	1.74346629986
20191	6.54556800667
20193	11.3828623253
20195	15.6321647422
12005	27.6668329999
12007	3.8158632049
20201	13.0573814177
20203	3.77990593735
20205	5.44432600058
20207	2.8440921606
12017	3.59988629427
12019	7.61379783192
12021	10.8123759342
12023	10.2061298962
12027	7.16708073281
12029	1.36777450322
12031	17.8351244661
12033	15.1049033873
12035	9.53766985718
12037	26.6749258039
12039	2.82354835555
12041	3.4574491209
12043	3.93845329471
12045	18.3447153604
12047	4.63395827672
12049	10.2249321422
13119	7.28854190952
53011	14.8852688522
12053	5.63713177774
47047	4.17195770169
12055	3.88633116957
48411	13.0556008605
12057	16.734052419
12059	2.05991705713
12061	7.84783384837
12063	4.40279858908
12065	8.20361057613
12067	0.82697481586
53029	6.34966328032
53031	10.2864672654
12073	17.716603175
12075	3.41609247537
12077	2.49362523757
12079	8.72555047923
53041	11.1259744539
12083	6.88678363844
12085	12.0805528208
12086	29.2423335339
12087	43.80214201
12089	9.42216337207
12091	20.2689050125
12093	7.07806754978
12095	52.1937941229
12097	22.6004855011
12099	13.4482758064
12101	8.71360493213
12103	15.708913053
12105	8.47874729735
12107	3.93208965748
12109	13.1618300895
47037	37.2885807827
12111	8.33009895331
12113	13.025399254
47049	2.26787562764
12115	11.7213021227
48413	5.81803394477
12117	11.7519589975
12119	4.29085845592
12121	3.57651892384
12123	2.56105661574
12125	7.09900775604
12127	16.3864516178
12129	4.9454262281
12131	52.4075377921
12133	9.59992320061
48415	9.1558482789
47087	5.34246124977
1063	4.53127042217
4001	6.03836535692
4003	9.38685540101
4005	28.7708035754
4007	6.49108559329
4009	3.10661246779
4011	1.9757297357
4012	16.8948864891
4013	14.8431574403
4015	10.5813897952
4017	8.10037708207
4019	9.97270061143
4021	8.27106073895
4023	567.360884363
4025	6.68582985017
4027	6.37841635976
47093	14.2533105702
45001	7.09425909482
47053	12.0378438157
45003	9.13862105739
45005	1.32299513696
45007	11.1431415086
45009	8.38831544505
45011	11.4555319176
45013	19.7240266499
45015	6.13516420402
45017	97.133343161
45019	32.0660897506
45021	8.52395330151
45023	6.02858816795
45025	4.96547699732
45027	6.82255757582
45029	22.7942418344
45031	17.4334969513
45033	14.3252394641
45035	8.40006517079
45037	2.66706149827
45039	7.46065010452
45041	14.4176803346
45043	16.9812432146
45045	14.9395808025
45047	9.14123299644
45049	3.55263093151
45051	40.1323476236
45053	6.54952643545
45055	8.61152300051
45057	5.46077994526
45059	13.6699642797
45061	5.63878668322
47055	6.9365611597
45063	13.1481671769
45065	11.3044819997
45067	6.09253152446
45069	2.9455155296
45071	14.3481776045
45073	7.506921081
45075	8.69070603295
45077	10.2841897916
45079	18.1295589518
45081	15.149891523
45083	15.102421178
45085	5.84847212179
53057	8.32524232977
45087	7.43473679393
45089	8.78151932259
45091	11.0975312838
13231	4.0740667594
48255	7.52236266701
47057	1.96430043111
49019	52.2820943039
5049	2.57485650868
53059	39.0600821004
47059	6.71425732381
37001	14.0132630752
37003	2.9095743676
37005	2.08305300795
37007	3.49641048104
37009	2.48658954945
37011	10.6363712693
37013	4.20104473068
53061	9.75627878709
37015	2.3387371359
37017	9.28088832579
37019	16.1346435144
37021	16.785539056
37023	3.48807083408
37025	14.3427639661
37027	4.01723706948
37029	3.01268925952
37031	22.6107195419
37033	3.25553979051
37035	8.83885476631
37037	11.9932047051
37039	3.72757201906
37041	6.48270309074
37043	3.08694906534
37045	9.21561968935
13001	11.7350023114
37049	6.40596811119
47061	5.29739496875
37051	16.3510587105
37053	34.3232189784
37055	79.7663592272
37057	6.35385014458
37059	6.67518318479
37061	3.98421939015
37063	15.3274230045
37065	7.81595302812
37067	11.9548652937
37069	5.77208480565
13005	4.59722717546
37073	3.99861381388
53063	7.05329872216
37075	6.5866800725
37077	6.71586541152
37079	7.6494241557
37081	21.3385732144
37083	4.83385291329
37085	7.5075611882
37087	7.30554233571
37089	8.15545244247
37091	3.33531015538
37093	3.78784926542
37095	9.22183147938
37097	13.0523871273
37099	8.56254851406
37101	59.4342468183
37103	4.56033782983
37105	9.99494549923
37107	6.74485787482
37109	11.9306164715
37111	7.21456082709
37113	9.58070323262
37115	3.73372050107
37117	2.17572471412
37119	24.087677006
37121	3.03913432487
37123	6.6157998595
37125	7.75603597545
37127	8.05896029046
37129	18.3307157974
37131	3.43127008437
37133	11.7608221818
53065	4.10789189645
37135	12.3998306125
37137	25.8143042482
37139	6.13757893839
37141	9.29553448931
37143	23.2611478029
37145	5.48410511699
40043	3.06325826457
37147	16.0638696884
37149	5.3132902711
37151	5.62748506594
37153	4.81395579134
37155	7.00341484115
37157	6.05539068218
37159	7.75970571932
37161	7.33855508271
37163	7.22310051468
37165	5.36850332341
37167	4.12938914812
37169	3.9152618255
47065	16.1306889855
37171	6.97274955289
37173	15.1795603798
37175	20.7383164895
37177	2.93345617634
37179	9.73575269865
37181	3.75847766409
37183	18.3275538223
37185	7.89368523324
37187	2.49025581534
37189	22.9959602299
37191	10.2047939748
29001	4.08469151194
53067	9.74258951461
29003	4.89988061142
29005	4.18177956578
29007	2.32005767507
29009	8.78149643068
29011	1.77615687017
29013	1.49594530132
29015	2.14532984446
29017	2.00295001435
29019	12.68549196
29021	11.0045281596
29023	3.05062991114
29025	2.28858712855
29027	5.62198684113
29029	10.0397466052
29031	6.84633193343
29033	1.85180327059
29035	6.29811295047
29037	5.16050974016
47067	2.19576768887
29039	4.56577193313
29041	1.63639958615
29043	3.3422137814
29045	1.9062205359
29047	9.0784592402
29049	4.44653126219
29051	6.58886762366
29053	4.10846557773
5059	11.9512332044
29055	5.51797131946
29057	1.7177288404
29059	0.670960969014
29061	3.81975337386
53069	2.04106877783
29063	5.41344981715
29065	1.88811188811
29067	0.750277469478
29069	16.2512315881
29071	5.04202831509
29073	0.491045780198
49023	4.30938813173
29075	4.09168322452
29077	12.8415718958
29079	6.61622532263
29081	5.89892460817
21231	2.58994801504
29085	2.55472747237
29087	3.69995806714
13287	5.23777069654
29089	3.18536306011
29091	1.94316521114
29093	1.72838151376
29095	22.7829784304
29097	13.5598705482
47069	2.22527450262
29099	5.92758460447
29101	6.54860003476
29103	1.93347018222
29105	3.09663251936
29107	6.96324381037
29109	2.65698717336
29111	4.9809371541
29113	6.82081724994
29115	1.2090755299
29117	5.21095595348
13045	8.84114430885
29121	1.7833989865
53071	8.37157602715
29123	2.62828967159
29125	0.811385359363
29127	6.06860414844
29129	2.54408554201
13047	6.88035359622
29133	1.80261153614
29135	2.89488237204
29137	1.37378293009
29139	6.81027684129
29141	7.32394276902
29143	8.02723978332
29145	3.26961794171
29147	4.74818761309
29149	1.57335581019
29151	2.01209028244
29153	0.961452862103
29155	26.7834300007
29157	4.42953020134
47071	4.05057473772
29159	5.36407700949
29161	5.96742208926
29163	3.61633686095
29165	11.9209660366
51163	6.92233356549
29167	2.2118878161
29169	21.3839576686
29171	1.69230769231
29173	3.01121129187
29175	2.30718673269
29177	15.4681324048
29179	2.26607761083
29181	0.587941847206
53073	12.354259894
29183	10.6275498043
29185	1.6787678495
29186	5.08892956244
29187	5.81994370092
29189	13.0385067586
54017	1.79216756398
21001	4.8297560197
21003	5.29026544214
21005	13.4050799137
21007	4.51684209772
21009	9.51415622749
21011	3.39565125118
21013	7.65265410862
21015	18.7584503201
21017	5.77272401153
21019	7.67844509469
21021	9.07810308917
21023	10.156656044
21025	1.46456256921
21027	2.37421498466
21029	11.9752755366
21031	5.12142176377
21033	6.58816189659
51165	13.8324147005
21035	17.8812195664
21037	12.653810796
21039	1.83793028628
21041	10.1749866898
21043	6.44831020905
21045	1.356963066
21047	4.38704204693
21049	7.31126977155
53075	7.99589316111
21051	2.6933737649
21053	7.04752979382
21055	1.3023848113
21057	2.34632169318
21059	6.44845464597
21061	3.12007364933
21063	1.95807858503
21065	1.64078817852
21067	17.0099209293
21069	2.18369413308
21071	7.03319062271
21073	14.0862141172
21075	3.87750896427
21077	7.7316908926
21079	3.40178759169
21081	5.18856027279
21083	6.60559466114
21085	4.17161856073
21087	7.37775235916
21089	7.841921045
21091	2.73647279043
21093	7.40680794872
21095	2.78916669141
21097	3.59195577838
21099	5.83909803065
21101	9.69561727237
21103	3.66102315428
21105	6.25922023182
21107	4.57593729508
21109	2.21196097416
53077	10.0360208706
21111	17.3411461951
21113	6.58467998848
21115	5.43448199569
21117	14.7435649623
21119	7.66380933869
21121	8.28508980579
21123	2.32311354576
21125	5.34517428894
21127	1.87310797175
21129	3.54612919548
21131	2.78521331216
21133	3.23866479971
21135	3.5183869549
21137	85.8571906634
21139	7.42693617397
21141	5.96865303195
21143	5.04130006456
21145	10.743766969
21147	1.98167977653
21149	3.85859534268
21151	9.54959266523
21153	2.522955128
21155	3.46763260924
21157	4.35360433643
21159	4.94396424365
21161	8.59009724587
21163	2.51626155426
21165	2.21056253322
21167	5.03304985692
21169	2.18394526509
21171	1.67384873873
6051	41.307103321
21173	3.42985165378
21175	1.04513235932
21177	7.06861626511
21179	5.89095619942
21181	3.51724602029
21183	1.69315426944
21185	14.0200850207
21187	8.57902781791
21189	2.07824829519
21191	11.0098503011
21193	8.08250161319
13003	3.34392688132
21197	6.76164558988
21199	5.09136319175
21201	4.13788842235
21203	9.01087909011
21205	8.13537666134
21207	5.3214045612
13017	3.39908649729
13019	3.85867282654
13021	17.7373350693
13023	9.97832341374
13025	1.56955392378
13027	3.51581279656
13029	9.17985555353
21223	7.77121293283
13033	4.9925330723
54055	3.94273933542
21229	2.66787658802
13039	8.72955889585
21233	3.17545098338
21235	6.13411192358
21237	2.60170293283
21239	7.13768440582
13049	5.46979193136
54011	16.8566965697
54013	3.04891576772
54015	3.81715992311
13057	11.4361169449
9003	12.0947046885
54021	2.74120608054
54023	1.43731681697
54025	5.31370482873
54027	1.5205134357
54029	56.9258557726
9005	7.23472224743
54033	12.6333676607
54035	4.09347706094
54037	8.57700437704
54039	10.5834006053
54041	5.98471722729
9007	10.4513177565
54045	11.1530894948
54047	0.856408238091
13089	22.74838669
54051	7.03627289489
13093	3.8137130419
13095	15.8046492694
13097	18.0697818048
13099	7.16144638038
13101	6.46791974792
13103	7.33374455418
13105	2.47843513952
13107	8.58876745246
13109	0.675442921696
31075	11.8651416632
13111	9.5703125
13113	10.1632949754
54075	16.4290186392
54077	3.20297609862
54069	25.5984921507
54081	6.06803008621
13123	4.24919779678
54085	4.52582225702
29510	28.5266280974
54087	7.60416411118
54089	2.04388069352
54071	2.58976117941
54093	5.25849904909
54095	8.28215221608
54097	3.9109273265
54099	7.70747133711
54101	6.47039661682
54073	6.80513395803
13145	10.8799070634
54107	13.4383534264
54109	3.84351481801
13151	22.4950558892
13153	13.9534589089
13115	8.66563053201
13157	9.0976546014
13159	2.54804793765
13161	4.5661832322
13163	15.280987395
13165	5.2405707519
13117	23.4862785403
13169	4.88028982464
13171	3.42608865825
13173	15.0283895672
13175	13.236822707
13177	5.13980079585
54079	6.97911247757
13181	5.62491087737
13183	9.89001747386
13185	11.560306559
13187	6.54626613234
13189	4.19526963882
13121	50.9201361805
13193	1.97881032523
13195	5.75304000707
5005	5.7960369016
13199	4.77849732549
13201	2.52087763888
5011	5.55838881585
13205	6.65727977644
13207	7.9822751473
13209	10.0289313558
5019	13.7350125767
5021	3.28311089394
13215	12.0170139275
5025	2.36558008432
5027	3.33085134974
5029	6.32752343112
5031	7.17672639641
13225	12.044634171
13227	8.4635448552
13229	6.94003001698
5039	2.74830777529
5041	6.59602330072
5043	4.9756128516
5045	12.7056542878
5047	16.2680519452
46009	1.71069705203
5051	10.4488538976
29083	3.82972936217
5053	7.95951863986
29221	1.96927491798
46015	8.86680363263
13249	3.4719399724
13251	1.73861620343
13253	5.65304348669
5063	3.84958679308
5065	5.12500098862
5067	13.0224320661
5069	8.39385935136
5071	6.86396878372
5073	3.00638797317
5075	2.67994871524
5077	2.17696710748
5079	2.8238492318
5081	5.14676737029
13135	12.9492409447
5085	4.92376484418
5087	3.22058938847
46049	3.89308970684
13283	3.54167746282
5093	28.2663665214
13137	10.308613589
5097	5.80478485313
5099	8.80692419414
46061	1.95777838794
46063	5.79799775811
46065	4.0270983418
46067	1.75104956794
46069	10.0531063751
46071	23.1647883034
46073	3.85077573612
46075	5.61960459139
46077	3.72302919193
13141	17.9540488794
5121	5.05722438351
5123	4.85801886545
5125	5.54486106879
5127	4.52699435939
5129	4.19592850882
54103	4.35117488079
5133	4.34734353
5135	4.83801228081
5137	29.2797966427
5139	9.07674415267
46101	2.63919557319
54105	4.76504480733
46105	2.40930957219
46107	3.77417432414
46109	1.83954178686
46111	2.50462309375
46113	11.2915427114
13147	4.22269045804
46117	2.76752767528
46119	4.47282890796
46121	3.17381631765
46123	4.50307288775
46125	2.372622892
46127	4.55279471692
46129	2.53147555535
46135	5.87896148892
46137	4.25320092751
49021	6.69891534577
13237	12.6050221193
5083	4.95646098309
49001	8.75437414736
13155	4.09756414833
13267	11.1799448041
38001	3.89469888208
38003	4.0740489361
38005	1.89282378254
38007	45.3334423014
38009	5.43961124912
38011	5.56265662053
38013	29.7098929817
38015	6.56088507415
38017	9.88977175039
38019	22.9651986122
38021	3.59320557491
38023	20.5614815439
38025	10.4754166772
38027	3.61444686399
38029	4.01143745489
38031	2.49741423159
38033	7.67218046715
38035	4.48655886647
38037	2.82862290611
38039	3.59320557491
38041	4.89358990697
13167	0.749162810559
46003	2.69010043042
38047	3.76005815557
38049	3086.17596566
38051	2.99564270153
38053	18.0813686035
38055	12.0252007583
38057	1.51500804848
38059	2.87966946006
38061	3.27327916881
38063	4.96160928017
38065	4.40234791889
38067	246.391992837
38069	3.14173690581
47033	2.91988395899
38071	6.01598542948
38073	5.02558989234
38075	123.719984404
38077	2.72927035847
38079	56.7377205386
38081	2.12082262211
38083	357.277064341
38085	2.720896485
38087	9.59646218544
38089	10.7889008432
38091	4.57802518087
38093	4.0
38095	24.9701477229
38097	3.3621775435
38099	3.56821222725
38101	5.38857645409
38103	2.18532795095
38105	11.7712834607
13179	7.0221050814
29223	1.62655368408
54083	3.82273270275
35029	4.84364628266
5089	2.16971622033
51735	6.40219150564
13191	6.74416889916
30001	4.24166883325
30003	3.41922622198
30005	4.79724931598
5001	5.03091941048
30009	4.21650717703
30011	28.6745608401
30013	5.47876584469
30015	1.5714633889
30017	4.98159149862
5003	4.20393806292
30021	3.24936638292
30023	2.33704851339
30025	6.44283858396
30027	0.717328927919
30029	10.8989823856
13275	13.2018933606
13197	1.61850358423
30033	3.62040624659
30035	38.1657049778
30037	3.71761042999
30039	10.0959319575
30041	9.07886314891
5007	9.48743256642
30045	12.2807017544
30047	3.70302172504
30049	5.02576427647
30051	30.1832998261
30053	35.9893284484
5009	5.35881040315
30057	7.46125999914
30059	4.77460636989
30061	3.01446417705
30063	5.48583715357
30065	1.824765048
30067	11.6314384598
30069	3.54207554117
13239	7.83665448769
30071	8.76794002729
30073	11.7931964763
30075	20.3938429634
30077	4.67213912592
5013	4.00334158375
30081	6.59877832866
30083	6.2873584598
30085	1.43159286186
48193	7.1642599278
30087	3.60852550394
30089	1.06077368904
5015	7.42218986803
30093	4.73342726226
30095	2.33980742449
30097	7.01687052581
30099	28.09711552
30101	9.64783733657
5017	12.3003970004
30105	3.76281525214
30107	3.89743460316
30109	6.80283203069
30111	5.68459508645
13211	10.4270352729
13213	5.0525556677
5095	5.28708469349
19007	2.96520078461
5023	5.23352157962
48195	1.65463354846
13217	16.5193491535
46013	4.97011222975
13219	7.85609759228
13007	31.1832806674
13221	3.6127755855
13223	7.24971668593
22001	12.5289438578
22003	6.98616693671
22005	9.98614449786
5033	3.2186681279
22009	2.50501995877
22011	3.46820785155
22013	74.0538035635
48197	6.90267775054
22015	7.06935355269
22017	15.3257591348
54007	5.48120683619
5035	20.0487821197
22021	0.920161113395
22023	4.55075111013
22025	5.13368423695
22027	8.0137483455
22029	11.3193261327
5037	4.13164417884
22033	23.9772848274
22035	3.41943126035
22037	3.62450513423
29225	2.04294299303
22039	13.144418925
22041	2.40973157529
13009	22.9228694138
22043	5.60309689014
22045	8.27519782148
22047	19.2811459197
22049	5.05740829233
22051	25.0440685868
22053	2.69895530494
13233	4.84176449255
48047	23.2706739219
22057	5.34644342512
22059	2.81583467829
22061	13.9273942252
22063	6.75365761513
22065	27.6157682004
13235	1.71872292497
22069	7.16388342595
22071	77.502432677
22073	19.865175108
48199	11.392792539
22075	3.5872611465
22077	4.24304572267
46005	2.52149378291
22081	6.69383854284
46017	17.6128643775
22083	6.7806380024
22085	14.250936892
22087	3.11456625945
22089	39.3853659092
46007	4.61369368141
22093	74.9053672242
22095	40.4319119893
13295	5.19620086971
22097	6.93024048133
48373	9.72620733508
22099	13.3057319182
22101	12.6879874609
13011	3.66621736938
22103	10.4704626143
22105	13.6856212583
22107	2.26046039581
22109	10.8324178098
22111	3.60216129678
22113	24.0045691735
46011	6.32114997373
22117	4.33869242289
21195	8.30480476367
22119	4.14007245127
22121	13.6073203486
22123	3.36918772144
22125	21.3269403863
22127	3.74994075072
48201	22.3573022816
5055	3.76853548214
5057	7.49354218976
48253	2.34572994268
13013	16.7011116512
46019	4.89510880817
5061	7.47051433729
13241	9.75759081746
54049	4.45566769512
5103	8.93494994389
13255	25.9496688738
48203	4.95429583913
13257	7.8806002523
46021	4.20655250639
13259	3.21355536079
47035	3.43505764802
13015	13.2349521533
13261	4.19048235115
42047	1.32182054834
55001	7.10065416894
13263	3.00824931234
55005	2.33058089376
55007	3.79659785652
55009	7.2483977522
55011	4.75582727451
55013	4.7285001011
13265	5.75990627715
55017	2.77841561025
55019	0.80084223158
55021	9.53802767591
48205	4.27067394088
55023	3.87409799998
55025	16.7183426037
55027	3.24163627006
55029	10.7319032805
46023	5.14871424009
55031	27.8520807241
55033	2.72967323099
55035	4.82423157677
55037	2.24336283186
13269	0.974716446125
55041	1.32079459003
55043	3.16068541538
55045	6.5351087331
55047	3.14019726779
55049	3.51516348676
13271	2.14866117172
55053	2.16012150683
55055	4.91504031471
22019	9.92514052144
55057	10.9382792572
55059	8.54416009724
55061	2.90343818581
13273	1.76529268324
55065	1.00807637187
55067	2.58321706199
55069	0.897535140119
55071	3.37715930315
49025	19.3422009962
55073	4.55156621398
55075	7.65139668762
5113	3.3573955315
55077	12.6779564958
55078	5.96360851498
55079	18.1264824265
55081	9.54487862719
48207	3.04312823462
55083	1.75567684827
55085	4.13069177115
13277	7.72912483276
55089	7.18352498188
46025	2.02689007499
55091	4.43916697114
55093	2.18353216012
55095	5.16126982488
55097	3.01782519434
13279	11.0503754574
55101	11.4865044521
55103	2.06813915302
55105	7.81604945014
55107	1.52547415855
55109	3.73995390842
13281	6.91653135119
55113	6.08358289435
55115	5.62853217869
55117	8.93080819939
55119	1.34503415071
55121	2.88954152073
5091	8.51041487832
55125	6.15079972209
55127	16.2352843007
55129	4.7493280112
5109	4.79153127449
49027	3.75764241768
55133	12.9247846749
13285	11.8799990895
55137	1.6694226896
55139	6.93251013761
55141	2.19598120139
48209	23.0041962409
13293	8.03260783779
46027	7.6391541373
6001	16.1571215874
6003	35.9012847637
6005	4.39260436722
13289	5.02346737951
6009	12.3184887902
6011	4.37620036601
13297	7.59560772605
6013	10.9022847269
6015	4.39267455943
6017	9.31203466207
13291	7.20652803517
6021	3.84576168201
6023	7.99555182226
6025	19.7318963427
6027	32.8886774286
6029	8.89031560483
5101	5.65334915612
6033	8.82174902166
6035	5.20505877386
6037	25.3915949643
5111	2.96145111982
49029	2.43368669388
6041	18.645467149
6043	48.3440644367
6045	16.5077372549
6047	11.4058451245
47009	9.91490027101
48211	15.9970748206
47011	10.6663422584
47013	5.37783792989
5105	2.20265991821
6057	54.1582062912
46029	2.96137835693
6059	20.7147765183
6061	16.9512195184
6063	9.40697476982
6065	12.3006533066
5107	2.13729517185
6069	12.2630585396
6071	11.0073037396
6073	21.3366417614
6075	98.0728617588
6077	12.9437913492
47039	1.95407914021
6081	19.7175095236
6083	13.8842717602
6085	14.8639765821
6087	17.015638323
6089	6.19815271614
47051	5.33425677889
6093	6.65262558995
13243	1.67480497826
6095	13.7370538584
6097	12.0929964677
6099	7.71342733601
49031	7.30183220276
6101	3.89479641351
47063	7.55241668921
6105	1.84100942421
6107	13.8157705251
6109	10.4754956252
48213	5.012606355
6111	14.0710493683
6113	10.9600001443
47075	4.25220182091
47077	7.78639867002
46031	2.81855297142
47079	3.89427734762
47081	3.64585105682
47083	12.7173978198
47085	5.5066712895
13309	3.50501376232
47089	7.43179399974
47091	0.831832127376
29119	1.9768396306
47095	5.63946245124
47097	2.64436049649
47099	2.77308998613
47101	1.82278451479
47103	4.76952751425
47105	4.40833873055
47107	8.29872898082
47109	1.28783222748
47111	1.13408651421
47113	14.6895420639
21209	8.41621659099
47115	8.40163740401
47117	12.2829372232
47119	17.4226967204
49033	17.3170579421
47121	4.6829213968
47123	6.48134427881
47125	9.33277458711
47127	15.3091608488
47129	2.9441446604
48215	15.3558772416
47131	4.57496266048
47133	2.96798861263
13299	5.05208696287
47137	11.1089396106
46033	13.5148601342
47139	8.71308552306
47141	13.4559241447
47143	5.08754027347
47145	5.47398532321
47147	7.01009693924
47149	12.7400982843
47151	2.43265705451
47153	3.3765130601
47155	22.9917661799
47157	20.0245182606
47159	2.85998486691
47161	3.11402402643
47163	12.3014163042
47165	8.14944252918
47167	6.30609736876
47169	6.20526958347
5131	10.8396524466
47173	2.02218287228
21211	7.26827934121
47175	8.87884439106
47177	3.06360610521
5117	2.48618069124
49035	11.698702162
47181	3.22045878454
46093	3.76648507653
5115	8.19158720032
47185	2.686573608
47187	18.1815930715
47189	9.55631471713
48217	20.4850813801
39001	12.288612545
13301	2.86550388417
39005	6.85047233973
46035	3.30516816949
39007	14.3004549044
39009	11.9718392271
39011	7.49938074872
39013	8.45691313549
39015	4.54992236531
39017	9.83466840488
39019	5.85008653974
39021	7.18234918657
29229	1.07386455909
39023	10.1444771118
39025	6.28986378532
39027	13.1447704987
39029	4.3379840297
39031	1.48398670706
22031	36.3824863235
39033	4.40109428829
39035	31.4849445684
39037	5.67774289191
39039	6.10891560946
39041	17.4092059029
21213	9.6334840718
39043	48.4606692376
39045	12.0130104086
39047	5.74344433719
49037	11.8484029376
39049	23.3970135253
39051	6.34018846994
39053	7.0994799345
39055	9.67679734389
6053	16.1028838695
39057	11.9319392384
48219	4.69390531526
39059	12.1445364275
39061	18.3902628171
39063	6.48463561054
39065	11.9897633908
46037	4.24798769307
39067	1.71121964328
39069	13.7892424409
39071	7.26056328168
39073	5.52640805587
39075	8.56487627575
39077	8.29289777881
39079	5.38103692692
39081	7.92122258696
39083	5.76173199551
39085	27.6360321737
39087	10.4874882037
39089	7.14681180891
39091	5.24148676813
39093	11.0602335282
39095	13.2732093582
39097	11.7466415255
39099	14.3085973011
39101	9.77701182299
21215	6.71544584126
39103	11.3960498146
39105	4.61566086667
39107	3.39411605754
49039	1.6497450484
39109	5.9102955815
39111	4.21865795088
39113	16.3933944875
39115	5.2663897191
39117	10.1724175056
39119	4.79128107879
39121	2.43700010254
39123	27.9285825279
39125	16.8990208525
46039	2.56813417191
39127	14.0944927621
39129	4.55357210218
39131	1.92305676848
39133	19.872438105
39135	9.33018371731
39137	6.78800941107
39139	15.7534126206
39141	5.24150529619
39143	14.4655174748
39145	5.07167529258
39147	3.63767843293
39149	12.0417090827
39151	12.168212277
39153	17.53029535
39155	10.8376169715
39157	6.73725200076
39159	10.0806291437
39161	6.47961904005
13245	11.6401193713
39163	0.69233875879
39165	10.5550471403
54053	3.74021437789
39167	3.48057836925
49041	3.38127938655
39169	7.05955223875
39171	8.91660487805
39173	16.472796955
39175	5.98869493893
48223	9.17682064877
1069	7.8457162835
46041	6.55947393019
31107	3.58321838724
31001	8.42715787454
31003	2.16602710157
31005	18.0131004367
31007	5.03111203095
31009	8.12448608908
31011	1.88195991091
31013	6.41327660771
31015	3.25802428752
31017	3.14131557133
31019	6.93990592826
31021	4.6684310141
31023	2.38660972089
31025	6.79923347657
31027	3.52316214978
31029	3.25423728814
21219	4.92114902132
31033	4.32055140328
31035	2.54376295264
49043	31.0851868967
31037	4.56395858923
31039	4.40433843613
31041	3.02745264155
51595	3.19942347501
31045	16.5513429414
12001	12.4928983101
31049	4.92185647392
1079	5.69866337307
31053	6.61063670995
46043	2.8685340003
31055	20.8175144338
31057	4.63982299934
12003	3.12738311184
31061	3.96290844136
1081	14.5848781941
31065	1.88930922132
31067	3.40733439369
31069	5.38501104625
29131	6.31334636225
20197	4.35261175531
31073	4.89783129113
42043	15.6100366753
31031	11.1473618232
31077	3.40383359219
31079	9.5249718236
47135	4.6564012421
31081	7.73775655929
20199	5.25812619503
31085	4.26435808614
42045	10.2590972561
31089	3.60171579656
21221	4.65373519234
31093	2.65954499618
12009	8.25734634262
31097	2.56115907688
31099	3.780985757
31101	5.36269178481
31103	3.73038923971
31105	2.47768591811
12011	18.8103687545
31109	15.5312360891
31111	9.24725523382
31113	6.38495705061
46045	2.53026709478
31115	8.42339530944
31117	8.69720391951
12013	3.30846276389
31121	6.22594851312
31123	2.73853583073
31125	2.79065594432
31127	2.08940144667
31129	2.32152034002
12015	7.22577068075
31133	2.91924700103
1093	7.13369297234
31137	2.58023869863
31131	2.76781895699
31141	3.70523434234
20209	18.2021768201
31145	3.69029480423
31043	9.32828906539
42055	5.96605866502
31149	3.76158683656
31151	2.88634774147
31153	7.86237237419
31155	3.22582984649
31157	4.16350989058
42057	6.23514618913
31161	5.65606551133
31135	3.79813064794
31165	17.3545444432
31167	6.13636529565
31169	2.20045123312
42059	4.42439625095
13313	7.49284180208
31173	22.1055165387
46047	10.0176945775
31175	3.33505150674
31177	7.88280670524
31179	8.23420741518
31181	2.74945770065
1101	15.4431863116
31185	7.16411258374
31139	16.0061308554
23001	7.68883536759
1103	7.36597832077
23005	17.3908975028
23007	6.93211402109
23009	11.1834259209
23011	5.60688746345
23013	5.37027906896
1105	0.823353293413
23017	5.83781767423
31143	2.55309051903
23021	3.70962303817
23023	10.5780405004
23025	45.4364878001
1107	8.01072025187
23029	23.5896511204
23031	11.6999818342
48231	10.0903928104
37047	3.7625984798
42069	7.50401610852
13315	1.02583586626
31147	1.84047337278
55051	2.61000776421
42071	8.28802188672
1113	5.15861474066
31047	5.38815188731
42075	8.46098480284
13247	14.6612803086
21227	15.5811488896
42077	12.8539541137
53001	3.01784429189
42079	9.0668877016
13317	1.49389072466
31087	2.54772742713
46051	1.52373844563
53003	7.30045425049
42081	6.46102904126
31159	3.83394865843
53005	9.30336791541
42083	2.96501008206
53007	10.7662885099
42085	8.54504875
31163	2.95926895097
53009	21.8268311216
42087	4.25602161068
12051	1.58882869419
42089	12.4161808022
13319	1.79192201555
46053	2.53653795027
53013	3.70879120879
42091	11.4458511552
53015	4.38212221093
42093	4.6102377038
31171	7.93740661455
53017	5.65963919073
15001	20.7017924149
31051	1.89614418435
15003	21.5951878236
15005	275.087719298
15007	23.6411192052
15009	28.4224683914
53019	10.78776764
5119	13.9421386882
53021	7.17184975394
13321	3.87409099504
46055	5.12104591098
53023	3.64432914906
56001	8.32065424116
56003	0.924990797285
56005	6.31801043234
53025	5.39149828659
56009	4.57754129979
56011	12.3154047322
56013	3.01078648934
56015	3.71484528272
56017	5.31151185459
53027	19.5467368163
56021	6.17223633109
56023	1.56340015105
56025	9.41487657877
56027	5.35393067425
56029	7.95118998746
12069	8.5975522049
56033	3.93780768745
56035	2.66235168482
56037	5.20345593792
56039	48.6054280339
56041	3.77330587385
12071	11.1785924548
56045	6.22988940865
46057	2.58147677416
53033	23.2489700727
13303	1.9163004726
53035	9.51040636133
13051	27.3649593661
53037	23.8320781042
1049	6.13076063283
53039	9.12495682318
5141	3.81059120202
23003	13.4943607989
12081	11.3424984992
46059	5.2723026772
53043	1.6407541453
53045	4.13880871772
13053	20.1202258039
22055	11.8319142388
53047	43.2437756365
55039	5.38672202297
51683	12.4291789791
53049	15.2880895636
5143	12.8983787127
51685	6.28255961451
53051	10.9664831588
23015	8.07852899045
53053	14.0426139662
55063	7.22583720692
13031	13.7100429834
53055	2255.01314701
13055	2.72539634083
48001	1.82009497604
48003	3.24729753862
48005	8.55835506038
48007	14.6727788264
48009	5.36618487866
31059	2.34414999609
48011	8.67183604449
1053	10.9355538519
48013	25.0641210664
48015	6.46177258892
48017	4.73206837591
48019	5.70075124851
5145	5.7383472777
48021	12.0982245052
48023	5.21780377895
48025	1.90634823591
48027	14.711455118
48029	18.8942257826
48031	12.7228307519
48033	4.45433070956
48035	3.7253339179
48037	8.80710171959
48039	12.90367816
48041	15.7967824662
48043	1195.81461806
48045	5.43766516549
38045	2.51162545331
48049	17.3078408209
48051	5.90931651318
48053	15.2511975761
48055	9.26207188817
48057	30.0996785821
48059	5.13927509443
48061	13.2845784456
48063	7.93205251135
48065	4.61250479969
48067	8.0902886003
48069	6.79344350577
48071	10.8216471514
48073	2.46540102533
48075	6.98669319736
48077	7.68516108233
48079	3.04757604831
5147	2.80507635747
48081	6.32199516585
48083	4.98701004865
48417	2.86036930945
48085	20.6888035177
48087	2.66214908035
48089	19.2447182654
48091	14.427254938
48093	4.37018277912
48095	5.14946255465
48097	6.32716271311
48099	6.06837934214
48101	3.78054873525
48103	7.26084223759
48105	7.02197879362
48107	3.67612431763
48109	53.7711980654
48111	4.62976745183
48113	25.3499768971
48115	1.22385289288
48117	8.93823758093
48119	4.47963373727
13059	24.5110942597
48121	20.2117926144
48123	11.9195607944
48125	3.83915719179
48127	36.5574447039
48129	5.91120871903
31063	3.39294550081
48131	4.00204904911
48133	5.17761434752
48135	6.26161546864
48137	11.8812091082
48139	16.1136243205
5149	4.81672967258
48141	9.87212429496
48143	15.138319079
48145	2.2649876277
48147	4.46889701569
48149	5.49643101217
48151	3.99332555914
48153	15.3233203394
48155	4.07857165694
48157	20.4844440441
48159	6.05262009686
48161	18.8521292904
48163	18.2326746375
48165	3.99006224523
48167	20.4195013952
48169	5.32910153969
48171	11.09673493
13305	4.40301872767
48173	5.27023799689
48175	3.97856664434
48177	6.17539746784
48179	3.70951773928
13061	2.40297969482
48181	13.4801880517
48183	9.79763639624
48185	6.04685854551
48187	21.4644035777
48189	5.18407097044
48191	5.82190270366
40001	0.761530524047
40003	11.7172931787
40005	3.71006619658
40007	3.03654481687
40009	5.26443470144
40011	3.66753472222
40013	8.12245728234
40015	23.4626104637
40017	13.5133257846
40019	11.0197387937
40021	10.3996473837
40023	1.44914094925
40025	10.6029527781
40027	15.7360083907
40029	1.89097317584
40031	9.62360587741
40033	2.58882811902
49015	7.20924048602
40035	7.80015237299
40037	4.88678251711
48225	4.60270886133
40039	7.46817738567
48233	3.73458739658
48235	3.6672645556
40045	6.88495932226
40047	9.96281743225
13063	28.7386840594
40049	6.0149136784
40051	3.95631064874
40053	5.24994238746
40055	6.90390971409
40057	3.68696843309
40059	3.92180596744
40061	5.55486454568
40063	3.94641910955
40065	6.87693027993
54059	4.57298526264
40067	16.3950035326
40069	5.78012601507
40071	5.66221681183
40073	6.96855282163
40075	9.57846202688
40077	5.43276761633
40079	4.32743425433
40081	13.5763650869
48275	2.47536906156
40085	13.9014134771
31091	12.454592631
40087	7.3507190707
40089	4.70031706053
40091	10.3642481422
40093	7.61916843238
40095	4.59719789842
40097	7.41046831665
40099	12.646422774
40101	7.13141351136
40103	14.189461268
40105	5.45156201927
40107	5.93843419245
13065	7.00209982232
40109	20.1938896841
40111	3.73802572698
40113	3.23871014247
40115	5.40881809426
40117	16.0711342934
40119	17.1672170737
40121	4.84069173485
40123	10.1433873488
40125	10.7697055974
40127	3.79275588406
40129	1.95486860025
40131	6.75346369982
40133	4.61894031584
40135	12.6488127562
40137	7.33260462893
40139	4.95668545032
48333	2.26092105617
37071	12.1351284902
48335	6.96855441649
40145	7.03247352484
40147	7.10334670712
54005	1.840882942
40149	5.09804761089
40151	7.9088858852
40153	4.87511518199
48347	8.73039349518
48349	10.5408115828
48351	4.49247418003
48353	20.3748218086
48355	13.4570916407
48357	3.39082189284
48359	16.4871550904
13067	14.0873892038
48361	16.6392591567
48363	5.50098649819
30055	4.51541112585
48367	12.7851056137
48369	2.28665497782
31071	4.05405405405
48371	10.7287932199
1065	15.603506281
48375	10.532083134
48377	734.389094861
48379	8.89837937852
21217	8.81955353459
48381	5.45845473313
48383	2.91847845374
32001	9.90683039112
32003	32.824293068
32005	10.8102923477
32007	4.41718205567
32009	117.141566634
32011	12.4012032559
32013	2.91231204218
32015	5.58089098578
32017	26.0108511255
32019	3.73180494947
32021	9.44921634385
32023	10.3639383496
48409	12.3433124576
32027	4.46274036451
32029	1212.92139546
32031	0.0707587548198
32033	7.60604791731
48419	1.42064288826
13069	4.93739610872
48421	18.2814428121
48423	13.2281470978
48425	17.8351229898
48427	74.7919924762
48429	3.6405249731
48431	4.73249768498
48433	4.96689148331
48435	7.41387918123
48437	6.12897955593
48439	18.9806725065
48441	7.87630183384
48443	107.143107421
48445	12.7452384583
48447	3.41085909534
48449	7.2247241111
48451	12.8602952726
48453	30.1719193926
48455	6.42452771658
48457	5.14571338371
48459	9.46164587877
48461	3.29013630565
48463	17.5800825873
48465	3.38135554132
48467	5.85690172295
48469	17.6538605062
48471	12.4438568964
13307	9.46851708686
48473	22.4127243393
48475	15.0666518999
48477	9.44077416077
48479	9.74623735107
13071	1.82560777958
48481	9.03456775312
48483	4.13349663197
48485	9.88544666232
48487	7.11803270255
48489	3.07985004594
48491	12.2020484945
48493	14.4293809003
48495	9.92584377359
48497	4.97836540544
48499	7.90367047054
48501	4.59852497046
48503	4.76938837101
48505	3988.34840636
48507	25.2037015084
49045	3.93976231589
46079	4.02943594354
49047	2.43219992483
49049	6.7990543591
13073	8.9232025215
47171	2.85159274417
49051	10.6812326223
1071	6.95679253577
54061	18.0724385319
49053	7.04564380139
49055	13.7001559367
24001	4.72478938809
24003	14.8473934197
46081	6.35947358176
24005	13.1095236157
49057	4.97379494498
24009	11.0334059284
24011	4.75380000632
24013	4.85396454894
24015	8.8541021544
13035	4.77062750796
24017	12.5100765181
24019	11.4319856549
24021	14.4871863497
24023	6.9054252685
13075	7.46707888883
24025	9.98069427044
24027	14.9462744825
24029	6.99082430806
24031	12.2264341716
24033	17.0280392683
24035	13.5077111472
1073	17.0154539124
24039	7.58947920286
24041	24.5010067447
24043	15.9527432014
24045	11.1733387066
24047	97.042541908
46083	3.5983263898
13077	10.4095433259
40041	6.24462720289
46085	9.41449675592
13079	9.472194362
31083	14.9611896436
1077	10.3057995913
6055	23.8540066774
46087	3.16207611927
16001	12.6885778219
16003	3.4004569364
16005	7.47582175184
16007	1.70620898536
16009	1.22670716747
16011	1.88735741369
13081	6.70275448299
16013	6.20889841399
16015	4.2252068247
16017	4.08881664317
47179	6.86082241121
16019	4.25386001151
16021	10.3607926335
16023	4.19922014483
16025	3.14408331926
16027	5.55307424052
16029	2.48258055974
16031	2.63722627464
16033	5.833990123
16035	1.51765759036
16037	6.52415953075
16039	3.30442752493
16041	3.54664754901
13091	7.74759203079
16043	5.994594723
16045	1.66134207396
16047	1.18556885798
16049	1.72010138038
16051	1.73084086095
46089	2.8194621513
16053	2.42299686201
16055	4.12681968317
16057	3.16294559319
16059	2.55099225722
16061	2.39011614902
16063	2.18785125182
16065	13.5209481125
16067	1.85463869299
16069	3.31779016089
16071	3.27108092813
13083	14.44163444
16073	2.35171705583
16075	7.40425941369
16077	5.00424112272
16079	2.57464688003
16081	4.0495950405
16083	4.99476460401
16085	16.0750046685
16087	0.829646017699
54063	1.18122603191
54001	3.01529361887
46115	1.82353576832
46091	10.4074298206
13037	230.927826977
32510	21.1787166625
13085	12.5354592511
47183	4.59838858988
54003	8.49399094226
42001	7.11354222514
48249	26.1599227816
13087	11.0521857229
8001	1.69514481899
8003	6.30381634478
8005	7.21224306732
8007	22.9112869082
8009	17.7942283063
8011	3.6602104621
24037	8.71404868214
8013	12.4346450032
8014	43.9262575954
8015	12.8248667412
8017	5.36507936508
8019	21.525855387
8021	0.884024788055
8023	3.69541319845
8025	3.85676292951
8027	4.40073345558
8029	2.34570866674
8031	33.2971523334
42003	18.6584085596
8033	4.06604238541
8035	8.84858066451
8037	28.5044277619
8039	2.80267294923
46095	6.38162007525
8041	10.9616074704
8043	5.56250543097
8045	6.55070445881
8047	13.6572083386
8049	23.4706815098
39003	16.3283359579
8051	33.0405110349
8053	14.8260411176
8055	12.959042798
8057	5.36049316537
8059	7.318505425
8061	8.47053508684
8063	10.3871615836
8065	14.5704370248
22091	20.6336889109
8067	7.55135033673
8069	10.2103165025
8071	6.74662767821
8073	14.4549304555
8075	2.11934379923
8077	5.76296819428
8079	20.7404246239
8081	8.12421681319
8083	4.85279787216
8085	1.29095520394
8087	4.06431963043
8089	2.81017265775
8091	13.064516129
42005	3.8965545478
8093	10.6326271379
8095	4.55406336088
47073	4.6546271494
8097	99.4499729165
8099	8.33584956893
46097	2.89955732857
8101	3.92908241952
8103	1.77076119121
8105	5.2130073891
8107	13.0726006601
8109	1.94161910898
8111	57.2563996697
13311	12.964345083
8113	37.1684385349
8115	7.57558405863
8117	34.1145236181
8119	4.01576315434
8121	15.7185025488
8123	2.95550175668
8125	4.68715085141
24510	42.1574750296
48227	5.87585517961
31095	5.50391389432
1089	15.1786028019
54009	26.4715205579
49013	2.44093895191
42007	14.9448232452
30031	12.0602304428
47027	2.04868415079
46099	7.63940702537
9001	13.9166705968
