1091	0.0190887096774
54065	0.0886829268293
30007	0.0176925481642
30043	0.0628307428921
41001	0.0857375801631
41003	0.137492864984
41005	0.166124794145
41007	0.101593487957
41009	0.0847123152709
41011	0.0997190082645
41013	0.135774193548
41015	0.16174875
41017	0.160319225251
41019	0.149417374517
41021	0.011808243464
41023	0.128230918787
41025	0.147912783837
41027	0.191644660194
41029	0.164726899128
41031	0.21104296875
41033	0.13825066313
41035	0.124969266055
41037	0.099856097561
41039	0.127275227964
42011	0.111288341738
41041	0.103241232227
41043	0.12309862013
41045	0.110476612392
41047	0.129923869565
46103	0.0907315334773
41049	0.0895161290323
41051	-0.191586366896
41053	0.138622959184
41055	0.266494003032
41057	0.0566470588235
41059	0.0278037209302
41061	0.114679591837
41063	0.147966418857
41065	0.112788607595
41067	0.164884942557
41069	0.109864310637
41071	0.152079841897
56007	0.164481021898
6007	0.161755909091
42015	0.159876315789
9009	0.115428815319
33001	0.158246388443
33003	0.197177378436
33005	0.291311868132
33007	0.224590384615
33009	0.13914609375
33011	0.249888588074
33013	0.298372105263
33015	0.218883697348
54019	0.145345639535
33017	0.174662017435
33019	0.232892307692
42017	0.179068760458
47029	0.175984063745
48365	0.334565217391
54067	0.14773960396
56031	0.0408046153846
42019	0.17992114452
30091	0.171913406919
48245	0.103382852897
42021	0.196554683544
56043	0.00992134517603
30019	0.0809018980832
30103	-0.0439063154079
6067	0.118804067566
25001	0.143363907953
25003	0.14301912
21225	0.0470697580645
25005	0.116928827499
25007	0.134783306581
25009	0.127035613176
25011	0.115962116992
25013	0.135168853804
25015	0.148315557065
25017	0.139020145857
25019	0.185389979123
25021	0.133195631068
25023	0.137456692345
25025	0.0956181625205
25027	0.150269443831
49011	0.157140873257
11001	0.115040087007
48239	0.205726829268
17203	0.232275700935
6019	0.140086464343
42027	0.133529666255
22115	0.112437272727
54031	0.157001052632
17001	-0.0218496350365
17003	0.0228
17005	0.169296
17007	0.0989390745501
17009	-0.14244943889
17011	0.131222535211
17013	0.256225472016
17015	0.264729545455
17017	-0.0136114637797
17019	0.112799414824
17021	0.0522112149533
17023	0.0767891566265
13043	0.172104878049
17025	0.177474396613
17027	0.177324705882
17029	0.0892681967213
17031	0.109500351247
17033	0.172682198953
17035	0.0604714285714
17037	0.131292094862
17039	0.065286
17041	0.106480924855
17043	0.138912296795
31119	0.112245549738
17045	0.0826451612903
17047	0.0159828457495
17049	0.0974152173913
17051	0.0685012048193
17053	-0.166824324324
17055	0.100548554913
17057	0.0693084507042
17059	0.283746288841
17061	0.273680206337
17063	0.12779807074
17065	0.124987028528
17067	-0.443928
17069	0.12313717691
17071	0.115187584234
17073	0.0507467422096
17075	0.221647400242
17077	0.104740111421
17079	0.124763481226
17081	0.087666122449
17083	0.1872515625
17085	-0.053545508982
17087	0.19950228147
29211	-0.154010977489
17089	0.111940355928
17091	0.085483255814
17093	0.109300751073
17095	0.0370132978723
17097	0.117753626489
17099	0.10036975089
17101	0.00565574037216
17103	0.0627376569038
17105	0.0765827586207
17107	0.0253144067797
17109	0.033804
17111	0.138389027186
17113	0.161352469711
17115	0.13630875
17117	0.16527993921
17119	0.121643120905
17121	0.156818181818
17123	0.175891525424
17125	-0.1824106222
17127	0.0389788489519
17129	-0.00257808510638
17131	0.308166101695
17133	0.19265755102
17135	0.0230228571429
17137	0.0783264
17139	0.183054
17141	0.211682608696
17143	0.0563193028096
17145	0.00147375
17147	0.133176923077
29213	0.187573824451
17149	0.234114893617
17151	0.107043218457
17153	0.0
17155	0.227094792874
17157	0.112977464789
17159	0.174128362831
17161	0.075557424812
17163	0.153632242991
17165	0.117255554909
17167	0.161364795272
17169	-0.151091366265
17171	-0.0268714285714
17173	-0.0376659574468
17175	0.175751496311
17177	-0.00317675159236
17179	0.132402883625
17181	0.135891089109
17183	0.0366861578266
17185	-0.010720754717
17187	0.134856923077
17189	0.128040300857
17191	0.127121538462
17193	0.160752808989
17195	0.0932175
17197	0.0922637261922
17199	0.114166836735
17201	0.101063310232
9011	0.0884644067797
9013	0.137077719665
9015	0.124443956044
29215	0.136334579439
50001	0.150732989691
50003	0.167561774744
50005	0.13037625
50007	0.0999282202031
50009	0.121655712641
50011	0.114061861314
50013	0.127136607859
50015	0.121744014085
50017	0.187896183206
50019	0.0815368174727
50021	0.111838125
50023	0.123619736842
50025	0.168295366795
50027	0.136536754967
29217	0.342392764427
29219	0.0959664974619
13125	0.238148428529
54043	0.038565
22007	0.163374489796
1001	0.206607804878
1003	0.169082224738
1005	0.140681927711
1007	0.113525649351
1009	0.0492779735683
13127	0.1404869869
1011	0.113779282797
1013	0.100836486486
1015	0.164715570934
1017	0.173370520231
1019	-0.0251173965207
1021	0.177853301887
1023	-0.0296717325228
1025	0.06141
1027	0.225474193548
1029	0.21239516129
1031	0.147093854749
1033	0.179443562874
1035	0.06294
1037	0.15946100821
1039	0.2398656
1041	0.0881839285714
1043	0.210864902507
1045	0.102774757282
1047	-0.0153457765668
42009	0.0874280334728
1051	0.152696366782
42013	0.13440955414
1055	0.153109981851
1057	0.316978591895
1059	0.18643960396
1061	0.167224443415
42023	0.114153191489
42025	0.176825838926
1067	0.186453191489
42029	0.145756063103
13129	0.175210796915
42031	0.0994210084034
42033	0.106532107023
1075	0.0484702702703
42037	0.202921153846
42039	0.156059530026
42041	0.132575508095
1083	0.12245472973
1085	0.110130508475
1087	0.132981081081
42049	0.145598698448
42051	0.179726244953
42053	0.107575203446
1095	0.150614117647
1097	0.0686110942249
1099	0.179071698113
42061	0.0733469387755
42063	0.16015890411
42065	0.0671459627329
42067	0.2677056
1109	0.0504880546075
1111	0.188107377049
42073	0.159318819188
1115	0.18823988764
1117	0.187633616743
1119	-0.0133065989848
1121	0.17899622093
1123	0.225759448819
1125	0.136327820122
1127	0.199698053892
1129	0.174775566366
13131	0.286955357143
1131	0.118391623065
1133	0.165847976879
42095	0.159238780297
42097	0.141886477462
42099	0.051577173913
6039	0.12799160696
42101	0.0868685661586
42103	0.184304567308
42105	0.146990833273
42107	0.106917318436
42109	0.0683013157895
49009	0.0484000750436
42111	0.10551607717
42113	0.102075
42115	0.118772727273
42117	0.170696129032
42119	0.147945405405
42121	0.113131764706
42123	0.218067391304
42125	0.11269291178
42127	0.143098235294
42129	0.14939516129
42131	0.143374576271
42133	0.133503079316
48229	0.012372970696
29227	-0.106825624849
13133	0.133450909091
34001	0.119979252449
34003	0.102890113331
34005	0.122330551285
34007	0.134219739328
34009	0.108757732752
34011	0.0460114375656
34013	0.110789475843
34015	0.0983193772672
34017	0.132859594414
34019	0.220042105263
34021	0.139404079047
34023	0.120109137171
34025	0.15341275545
34027	0.123700792801
34029	0.165200939993
34031	0.121776720124
34033	0.143201569507
40141	-0.119208028248
34035	-0.0113054659743
34037	0.165591588785
34039	0.118265030777
34041	0.144376195537
48251	0.1932
40143	0.204157903001
22067	0.0571285714286
48327	0.0276974840137
13139	0.162993919474
54057	0.0355676470588
48329	0.234537209302
22079	0.145474377942
26001	0.174705494505
26003	0.222956842105
26005	0.145209463722
26007	0.170898913043
26009	0.124369942197
26011	0.233214130435
26013	0.0933238714644
26015	0.148880660377
26017	0.0509815714286
26019	0.135193006993
26021	0.127127329193
26023	0.130637771739
26025	0.0895769436997
26027	0.128278630705
26029	0.112047096774
26031	0.190133587786
26033	0.0425331683168
26035	0.286185245902
26037	0.156409978308
48331	0.175842857143
26039	0.0504203389831
26041	0.072795215311
26043	0.0668303571429
26045	0.0610770491803
26047	0.122349056604
26049	0.12064766295
26051	0.0665175
26053	0.0568225352113
26055	0.155152554745
26057	-0.00127786259542
26059	0.0960532019704
26061	0.24335557656
26063	0.0471517241379
26065	0.096537397863
13143	0.0438077922078
26067	0.0737740442656
26069	0.10969875
26071	-0.0313018867925
26073	0.257358041958
26075	0.0868796270718
26077	0.107377868852
26079	0.145935211268
26081	0.139664874739
26083	0.0599958625971
26085	0.188932072566
26087	0.0603947368421
26089	0.133771304348
26091	0.0933430406852
26093	0.0674860714286
26095	0.105954929577
26097	0.19874028777
26099	0.0885831269825
26101	0.169494
26103	0.163340977444
26105	0.374176530612
26107	0.102251312649
26109	0.00828837209302
26111	0.155858823529
26113	0.0214943661972
26115	0.151408487395
26117	0.161446443515
26119	0.0742527028172
26121	0.0348240250696
26123	0.0854082089552
26125	0.134568655317
26127	0.140226428571
26129	0.187225531915
26131	0.135822879177
26133	0.153473532038
26135	-0.0545454545455
26137	0.211535664336
26139	0.148149810504
26141	0.180110725552
26143	0.116390816327
26145	0.123249667774
26147	0.113648093842
26149	0.0741373702422
26151	0.175096388262
26153	0.028618528125
26155	0.0919352459016
26157	0.0571063291139
26159	0.147020493359
26161	0.163342837653
26163	0.0768386367281
26165	0.197397794118
18001	0.1117875
18003	0.157239335844
18005	0.0856529315961
18007	0.0346227272727
18009	0.127737209302
18011	0.155828181818
18013	0.223416831683
18015	0.136058181818
18017	0.1273659375
18019	0.127256289979
18021	0.103408421053
18023	0.0959347826087
18025	0.0908746478873
48337	0.167315492958
18027	0.152332075472
18029	0.195778301887
18031	0.228767045455
18033	0.141440462428
18035	0.105857816594
18037	0.158522891566
18039	0.123720030272
18041	0.158355882353
18043	0.102825468945
18045	-0.0205105263158
18047	0.156985714286
18049	0.123007614213
18051	0.104866956522
18053	0.15604021978
13149	0.20604296426
18055	0.353206321417
18057	0.132579291482
18059	0.170280939948
18061	0.199094201521
18063	0.158702284844
18065	0.14713540856
18067	0.134122306525
18069	0.163616065574
18071	0.0803541322314
18073	-0.00658790322581
18075	0.163774137931
18077	0.0688180327869
18079	0.0844525423729
18081	0.148586723769
18083	0.129968041237
18085	0.20717823765
48339	0.135987717226
18087	0.0786691099476
18089	0.125338240799
18091	0.125831779141
18093	0.12297044335
18095	0.123774148061
18097	0.114061935044
18099	0.119029649596
18101	0.320898301375
18103	0.18960112782
18105	0.219744179104
18107	0.142573509934
18109	0.254251339286
18111	0.12017216173
18113	0.154360107817
18115	0.168649428051
18117	0.07935
48241	0.17508358209
18119	0.124839130435
18121	0.15695049505
18123	0.0708718309859
18125	0.116330795718
18127	0.154337816594
18129	0.0262930434783
18131	0.126929032258
18133	0.167187313433
18135	0.145225609756
18137	0.138381355932
18139	0.0603614457831
18141	0.142887268427
18143	0.036223054755
18145	0.26797382199
48341	0.381957446809
18147	0.224392070485
18149	-0.123987692308
18151	0.168009480813
18153	0.2538
18155	0.088478313253
18157	0.149371278567
18159	0.244558163265
18161	0.0256325129854
18163	0.0894390971969
18165	0.103946017699
18167	0.158148900388
18169	0.220470229008
18171	0.0604760855817
18173	0.173427073171
18175	0.00530649350649
18177	0.0452163814181
18179	0.142323364486
18181	0.141137480315
18183	0.226517647059
10001	0.14560187247
10003	0.10290077765
10005	0.112290456308
48343	0.317023404255
51001	0.064103038674
51003	0.150539007782
51005	0.175901694915
51007	0.214197726332
51009	0.0986129032258
51011	0.0900046153846
51013	0.122666658801
51015	0.162084061697
51017	0.0465226415094
51019	0.134941714286
51021	0.0535662162162
51023	0.182168213457
51025	0.0579888157895
51027	0.356871089925
51029	-0.00139852941176
51031	0.209339664804
51033	0.115869581749
48345	-0.0177096304348
51035	0.0758209090909
51036	0.16043530441
51037	0.0658180940061
51041	0.117565875266
51043	0.173669832402
51045	0.105085748106
51047	0.172745136187
51049	0.0915403643239
51051	0.204896808511
51053	0.063038961039
51057	0.256875
51059	0.120951131664
51061	0.117956949153
51063	0.0217097560976
51065	0.105156122449
51067	0.123354362416
51069	0.105098093422
51071	0.214098461538
51073	0.177127232143
51075	0.240254913295
51077	0.295585258302
51079	0.253356774194
51081	0.102560377358
51083	0.109189655172
51085	0.145198195735
51087	0.137799663506
51089	0.127160689655
51091	0.19064917064
51093	0.25463671875
51095	0.118784937238
51097	0.190452272727
51099	0.106216901408
51101	0.232767857143
51103	0.0590727272727
51105	0.183521591765
51107	0.134975747888
51109	0.158057419355
51111	-0.0680839285714
51113	0.0830130612245
51115	0.0844557692308
51117	0.106880769231
51119	0.161919642857
51121	0.171453037608
51125	0.189844285714
51127	0.0936767716535
51131	0.0667793296089
51133	0.0322121311475
51135	0.0784082970464
51137	0.163018032787
51139	0.065967896679
51141	0.15770610687
51143	0.203148927039
51145	0.121368131868
51147	0.200740714286
51149	0.0719731491713
37197	0.151450909091
51153	0.134841484411
51155	0.189684375
51157	0.0136935483871
51159	0.117735245902
51161	0.15001237721
37199	0.154287209302
2013	0.0615507692308
51167	0.17376122449
2016	0.0740248154402
51169	0.188323469388
51171	0.087467781155
2020	0.123403212688
51173	-0.00905346534653
51175	0.061341509434
51177	0.0748980429055
51179	0.0933169383003
51181	0.131887592529
51183	0.0217681034483
51185	0.0504935064935
51187	0.0710744262295
51191	0.114201176471
51193	0.0694394366197
51195	0.178497945205
51197	0.0954119318182
51199	0.0730837801609
2050	-0.0577632352941
2060	0.0435350370023
49005	0.174214380531
2068	0.0709101639344
2070	-0.0171246056034
2090	0.11621344294
2100	0.0508525518476
2110	0.0414143877526
2122	0.094996257485
2130	0.045211420489
2150	0.0232815
2164	0.0197920353982
2170	0.0681932664756
2180	0.0402896103896
2185	0.0766120481928
2188	0.165677501711
30079	0.108644030612
2201	0.045211420489
2220	0.0395586025959
2232	0.0710995834384
35001	0.117675612724
35003	0.22675057549
35005	0.0151576119403
35006	0.220323287671
35007	-0.100267883212
2240	0.0994112359551
35009	0.0897779220779
35011	0.0585339008975
35013	0.0640096153846
35015	0.159191292135
35017	0.116007692308
35019	0.00016171875
35021	-0.162852306718
35023	0.0136394594595
35025	0.138450646552
35027	-0.0941908396947
35028	0.016065
2261	0.06966
35031	0.138823348018
35033	0.0984580645161
35035	0.0906439330544
35037	0.0913937888199
2270	0.0221430721231
35039	0.0776864516129
35041	0.1380504
35043	0.133835204082
35045	0.107057427938
35047	0.138255371901
2280	0.0710995834384
35049	0.178176301115
2282	0.0
35051	0.135889830508
35053	0.0827936170213
35055	0.151993401015
35057	0.0541887096774
2290	0.150893959732
35059	-0.0686480769231
35061	0.141531428571
48243	0.228742117415
55003	0.152892857143
6079	0.152966798085
51510	0.140495888825
51515	0.250090243902
49007	0.165809169055
51520	0.131211818182
51530	0.134002322023
51540	0.202703800475
51550	0.0764055308841
54091	0.289531914894
55015	0.163967175573
51570	0.10189844358
27001	0.263923343849
27003	0.166723783091
51580	0.080086281289
27005	0.0897991836735
27007	-0.0169441213654
27009	0.256874144487
27011	0.12320381678
27013	0.125369218241
51590	0.0795625984252
27015	0.105705
27017	0.1748448
27019	0.193067002519
27021	0.171663157895
27023	0.0452197183099
51600	0.0718889738855
27025	0.0755933198381
27027	0.193512182741
27029	0.0333295598471
27031	0.184643877551
27033	0.171887736724
51610	0.169354607509
27035	0.0827147302905
27037	0.179437511409
27039	0.0719773584906
27041	0.217637454545
27043	0.176625046212
51620	0.0488343214748
27045	0.0390059405941
27047	0.13313649635
27049	0.141418846154
27051	0.232005998377
27053	0.150619246817
51630	0.141709014085
27055	0.0273567567568
47001	0.0486092735703
27057	0.095514084507
27059	0.133394890511
27061	0.248447524752
27063	0.0639591549296
51640	0.25286881025
27065	-0.0356088816191
27067	0.171743891403
27069	0.123895080933
27071	0.108231081081
27073	-0.0311035091766
51650	0.113929715883
27075	0.0923206451613
27077	0.128572131148
27079	0.266898305085
27081	0.276922641509
27083	0.0268992366412
51660	0.155371748879
27085	0.0801260869565
27087	0.0165063829787
27089	-0.0147146541547
27091	0.128805882353
27093	0.265273170732
51670	0.145651327434
27095	0.1197696
27097	0.00600346820809
27099	0.154823684211
27101	0.105274576271
51678	0.194448387097
27103	0.145385496183
51680	0.177309478022
27105	0.129177966102
27107	0.100697727273
27109	0.0892272115385
27111	0.141311036789
27113	0.00560357142857
51690	0.0273508474576
27115	0.0797194630872
47003	0.221323749166
27117	0.193356818182
27119	0.101149748744
27121	0.2629331629
27123	0.171070120346
51700	0.0725993356953
27125	0.0490434253156
27127	0.126635032623
27129	0.137211864407
27131	0.220310614525
27133	0.187896226415
51710	0.0479437026975
27135	0.0216253521127
27137	0.131635029586
27139	0.186193467933
27141	0.0571773214286
27143	0.114790909091
51720	-0.0561879461391
27145	0.151030511811
27147	0.12495
27149	0.203530534351
27151	0.19046270901
27153	0.084978
51730	-0.0138266211604
27155	0.084056325188
27157	0.134867532468
31183	0.0229974545455
27159	0.10159245283
27161	0.227650191651
27163	0.129505689063
51740	0.0725720757825
27165	0.17006908045
27167	0.174785807357
27169	0.0612
27171	0.192508488064
27173	0.283095373404
51750	0.221677033493
47005	0.138565909091
48221	0.122968586387
51760	0.157910246046
19001	0.0906511820818
51770	0.124881634183
19003	0.0608391112142
19005	0.173598662853
51775	0.165036067893
19009	0.0413001263027
19011	0.149025
19013	0.161725677603
19015	0.0455129032258
19017	0.114792
19019	0.0584016806723
19021	0.0621101694915
51790	0.099247826087
19023	0.362967277825
19025	0.229721386666
19027	0.184867605634
19029	0.157166536323
19031	0.219830526316
51800	0.0944510971787
19033	0.207357184751
19035	-0.149188636364
19037	0.220843337328
19039	0.116640372671
19041	0.176631818182
51810	0.13277650476
19043	0.0570348837209
47007	0.0534435483871
19045	0.211348584906
19047	-0.0102400852889
19049	0.117747378641
19051	0.0172308278799
51820	0.219362234043
19053	0.00425070545031
19055	0.0647660377358
19057	0.273936075949
19059	0.149032075472
19061	0.111760912981
51830	0.120004534005
19063	0.0446113636364
19065	0.189992957746
19067	0.334120775707
19069	0.0540964285714
19071	0.146127629254
51840	0.0861278246206
19073	-0.0155015075385
19075	0.248383875637
19077	0.01698
19079	0.0812861538462
19081	-0.0141
19083	0.1893
19085	0.0535097560976
6091	0.116789978916
19087	0.0514601116514
19089	0.179369234259
19091	0.0141426079455
19093	-0.120757811537
19095	0.192563076923
19097	0.170369158879
19099	0.192897945205
19101	0.155843478261
19103	0.174482171053
19105	0.171568831169
19107	-0.0506863636364
19109	0.0910970488393
19111	0.162133613445
19113	0.126528926066
19115	0.0870073170732
19117	0.20527872521
19119	0.122980858643
19121	0.131527659574
19123	0.0731142857143
19125	0.168547552448
19127	0.120179605263
19129	0.03294
19131	0.32561260242
19133	0.267853030099
19135	0.316324390244
19137	0.232152272727
19139	0.090451744186
19141	0.141997703676
19143	0.129911308442
19145	0.16910367703
19147	0.0773023240356
19149	0.070304676259
19151	0.149989632383
19153	0.161007236197
19155	0.204135723115
19157	0.181022727273
19159	-0.288540703865
19161	0.0342941860465
19163	0.127371037628
19165	0.0866380434783
19167	0.177320792079
19169	0.10173110883
19171	0.0821064
19173	0.00895303242509
19175	0.170154672393
19177	0.0792098954066
19179	0.0912690265487
19181	0.143555325444
19183	0.165776470588
19185	-0.191051969964
19187	0.0997764705882
19189	0.263349838276
19191	0.191478461538
19193	0.107358461538
19195	0.0499086614173
19197	-0.0303339622642
48257	0.128483121019
48259	0.270314342629
55087	0.114256674757
37193	0.163348170732
48261	0.169101091703
48263	0.0362000347985
48265	0.168040253165
42035	0.21728625
48267	0.259566013879
48269	-0.0792137662338
47015	-0.0548727272727
37195	0.125414214464
48271	0.00594503816794
55099	0.156802091796
48273	0.123002423263
40083	0.0885468325792
48247	0.0126345132743
48277	0.228612
49017	0.0457097014925
48279	0.33915
47017	0.129833497537
56019	0.0879758830564
48281	0.15417804878
48283	0.050493083004
55111	0.123423336142
48285	0.0316900990099
48287	0.214358108108
48289	0.131357746479
47019	0.199732460733
48291	0.211618392205
48293	0.131751760563
44001	0.160470074813
44003	0.138119811814
44005	0.12776099803
44007	0.146312140617
44009	0.129859745127
48295	0.290860887987
55123	0.0383033898305
6103	0.112151020408
48297	0.19579009901
48299	0.323048780488
48301	0.203393143224
48303	0.233812469237
55131	0.161318147208
48305	0.0603941844694
48237	0.131868292683
48307	0.211943653793
55135	0.0763246987952
48309	0.239256146469
29195	0.206285869565
48311	0.0915460543374
29197	-0.261036152249
48313	0.178590697674
29199	-0.371519322978
23019	0.13214686907
48315	0.15924
29201	0.200846590909
48317	0.145135714286
29203	0.0498954215319
48319	0.124668521506
29205	0.0193633989475
47025	0.137805633803
48321	0.178022907489
29207	0.155980327869
48323	-0.00466677018634
29209	0.143808837209
49003	0.249117321469
48325	0.133631927711
36001	0.0931868053577
36003	0.164195901639
36005	0.10419529033
36007	0.12575982231
36009	0.104051298701
36011	0.100361538462
36013	0.117856847426
36015	0.107898172324
36017	0.0419575545852
36019	0.0928587560806
36021	0.152528534483
36023	0.175636032389
36025	0.232432758621
36027	0.11561970862
36029	0.100115685283
36031	0.084483919598
48391	0.171717567568
36033	0.110557824143
36035	0.189257360406
36037	0.306557715134
36039	0.213954770849
36041	0.0850220930233
36043	0.0417948081264
36045	0.164690594595
36047	0.117667151477
36049	0.0626476744186
36051	0.0932429864253
36053	0.143872521246
36055	0.148161985857
6049	0.206198860262
36057	0.176176523702
36059	0.124243813806
36061	0.139404215567
36063	0.117428709385
36065	0.103545035743
36067	0.107227370441
36069	0.163624794069
36071	0.128965875266
36073	0.156256892068
36075	0.116363753213
36077	0.167120869565
36079	0.203910831234
36081	0.119742002984
36083	0.154684469097
36085	0.127364592524
36087	0.140547729423
36089	0.104788409646
36091	0.109419686042
48393	0.263946069461
36093	0.152151724138
36095	0.0799985294118
36097	0.150107926829
36099	0.126961802575
36101	0.130360068847
36103	0.102815744766
36105	0.0484026206897
36107	0.157680295567
36109	0.147427447552
36111	0.124980903328
36113	0.162485280728
36115	0.193053760446
36117	0.0482601
36119	0.124001935177
36121	-0.0202926315789
36123	0.134751083591
47031	0.179927218935
48395	0.0068491349481
23027	0.121048672566
6031	0.079415963396
6115	0.143878321678
28001	0.00951554252199
28003	0.190756329114
28005	0.0685537534281
28007	0.0121550913838
28009	0.205012638522
28011	0.181566176471
28013	0.00497887573468
28015	0.197524390244
28017	0.0987762711864
28019	0.132256506737
48397	0.15069894535
28021	0.13156097561
28023	0.0312065217391
28025	0.0208135135135
28027	0.128821621622
28029	0.0985080508475
28031	0.237730188679
28033	0.0958225062344
28035	0.142595658073
28037	-0.0440627329193
28039	0.1552125
28041	0.141409257537
28043	0.206134736842
28045	0.10317
28047	0.124690941039
28049	0.123928713551
28051	0.108251430015
28053	0.0896412317533
28055	0.0469498210784
28057	0.159984269663
28059	0.100312591687
28061	-0.126614634146
28063	0.0976778385853
28065	0.128231263422
28067	-0.169711212516
28069	0.088543902439
28071	0.184727116564
28073	0.0934051446945
28075	0.0806159177456
28077	0.278623223636
28079	0.32586679948
48399	0.187375221239
28081	0.100793478261
28083	0.153114893617
28085	0.231960365854
28087	0.110983636364
28089	0.0513075592885
28091	0.439807875882
28093	0.0598389162562
28095	0.0067776203966
28097	0.0563555023923
28099	0.2430264
28101	0.0894969230769
28103	0.0776113636364
28105	0.211715680473
28107	0.114385074627
28109	0.135041317365
28111	-0.0278878914736
28113	0.119814545455
28115	0.141026011561
28117	0.057335106383
28119	0.0334536
28121	0.131677196446
28123	0.13279453125
28125	0.0454677929748
28127	0.207574468085
28129	0.0539386363636
28131	0.228365853659
28133	0.0554240963855
28135	0.06504
28137	0.0462264
28139	0.0671967391304
48401	0.1204935
28141	0.101663513514
28143	-0.018531147541
28145	0.216606040268
28147	0.359997196174
28149	0.111949003984
28151	0.23121483871
28153	0.137121481959
28155	0.034068760849
28157	0.011762788685
28159	0.216172881356
28161	0.379277035286
28163	-0.0337340101523
48385	0.383162821157
47021	0.0728101796407
48387	0.0280636363636
47023	0.189359207349
48389	0.157758552632
20001	-0.10035
20003	0.050175
20005	0.0357519230769
20007	0.155814112658
48403	0.138551351351
20009	0.127908211144
20011	0.235291011236
20013	0.279950009597
20015	0.148467462039
20017	-0.0329281690141
20019	0.135005647422
20021	0.107771830986
20023	-0.213943963375
20025	0.114988590604
20027	0.0354132353911
20029	-0.176826328565
20031	-0.00368863636364
20033	0.400892084491
20035	0.133639565217
20037	0.0435826464208
20039	-0.00763044827586
20041	-0.0633193548387
20043	0.427174572346
20045	0.138759555288
20047	0.283972445089
20049	0.155502568422
20051	0.141541909814
20053	0.0846544398648
20055	0.128278021978
20057	0.134729126214
20059	0.188785945946
20061	0.137641121495
20063	0.117511800848
20065	-0.0653406407066
47041	0.2096784
20067	-0.0193568303415
48405	0.101366995673
20069	0.099880753816
20071	-0.0684114341679
20073	0.217451522077
20075	0.00638815755074
20077	0.0106147410359
20079	0.135296273292
20081	0.147694048413
20083	0.0878160301119
20085	0.107915753425
20087	0.154982432432
20089	0.0392837291235
20091	0.166094688978
20093	0.0446414634146
20095	0.169778968041
20097	0.327535561054
20099	0.0518325842697
20101	0.105215598997
20103	0.160691195795
20105	0.0459949952838
20107	0.0708
20109	-0.233452702703
20111	0.15058556962
20113	0.164827918782
20115	0.140884090909
20117	0.0512840294861
20119	0.0366852032692
20121	0.0284707964602
20123	0.160997159205
20125	0.14717393617
47043	0.175926352129
20127	-0.0954774193548
48407	0.0102372670807
20129	0.114564967428
20131	0.211810849576
20133	0.215107317073
20135	0.0570031867646
20137	0.0770471333333
20139	0.131385666713
20141	0.243872093023
20143	-0.21688125
20145	0.125875609756
20147	0.0398268292683
20149	0.0519672
20151	0.165249056604
20153	-0.201471572709
20155	0.128884615385
20157	0.119701435027
20159	0.121118478261
20161	0.145200859599
20163	0.116192307692
20165	0.0896144296235
20167	0.0867219512195
20169	0.173749209486
20171	0.238623177632
20173	0.122593183391
20175	0.0857615853659
20177	0.140084631148
20179	-0.0724579807692
38043	0.100697803789
20181	-0.200535
20183	0.0490804918573
20185	0.205058376499
47045	0.164659030837
20187	0.0598961274459
20189	0.238624509477
20191	0.218191304348
20193	-0.0634832061069
20195	0.0634245283019
12005	0.162549675133
12007	0.172171962617
20201	0.0262255102041
20203	0.0404400608339
20205	0.216735211268
20207	0.122772792486
12017	0.212754473684
12019	0.116227708978
12021	0.126601022622
12023	0.127478672986
12027	0.074437826087
12029	0.0222624203962
12031	0.0841014685095
12033	0.123361725859
12035	0.129389278557
12037	0.191264835165
12039	0.161324299065
12041	0.22789787234
12043	0.0261527027027
12045	0.0465131474104
12047	0.0702725806452
12049	0.111089256198
13119	0.1815
53011	0.0777696516506
12053	0.153033627204
47047	0.200762264151
12055	0.175421864952
48411	0.16238877551
12057	0.123305080687
12059	0.141682978723
12061	0.12954704611
12063	0.166723602484
12065	0.0511488549618
12067	0.0977085063462
53029	0.0538885448916
53031	0.0776261538462
12073	0.124818983482
12075	0.176961386139
12077	0.112492682927
12079	0.139654285714
53041	0.0482654801325
12083	0.111244718714
12085	0.161131919482
12086	0.0998593149912
12087	0.160967593985
12089	0.106242651757
12091	0.131995564643
12093	0.103811538462
12095	0.0929935425798
12097	0.126861748196
12099	0.125252663093
12101	0.102617282405
12103	0.121434707384
12105	0.125845559742
12107	0.215905577689
12109	0.100647127394
47037	0.169590169159
12111	0.151680061665
12113	0.10390082435
47049	0.24614542035
12115	0.136247168774
48413	-0.0832186337868
12117	0.12391601291
12119	0.189252956298
12121	0.0946005586592
12123	0.183163235294
12125	0.0686943925234
12127	0.11166122449
12129	0.121376470588
12131	0.156768662881
12133	0.042390647482
48415	0.178881553398
47087	0.0653837837838
1063	0.0757128712871
4001	0.219632238806
4003	0.0789498979592
4005	0.189823712949
4007	0.0985839130435
4009	-0.0181609756098
4011	0.0692946665704
4012	0.0843912162162
4013	0.140858859801
4015	0.136996146179
4017	0.169894243421
4019	0.100226537875
4021	0.143243974082
4023	-0.0151017157341
4025	0.195955317521
4027	0.0935224895397
47093	0.167795837367
45001	0.170795192308
47053	0.140873814433
45003	0.193652696629
45005	0.0735508530444
45007	0.141298640997
45009	-0.01278
45011	0.0865344827586
45013	0.16881318328
45015	0.119840993072
45017	0.0514068080357
45019	0.156377584977
45021	0.104808510638
45023	0.129528143713
45025	0.214912871287
45027	0.11062265625
45029	0.0789623376623
45031	0.120773420739
45033	0.020114334471
45035	0.163211871658
45037	0.157026760563
45039	0.126234104046
45041	0.145371801242
45043	0.13651625183
45045	0.167211589286
45047	0.14824142539
45049	0.031872
45051	0.149736325753
45053	0.0740727272727
45055	0.110401935484
45057	0.18737318612
45059	0.197723244552
45061	0.111490909091
47055	0.213086597938
45063	0.160859937995
45065	0.156044680851
45067	0.0319366492147
45069	0.23706741573
45071	0.0913665970772
45073	0.140476401869
45075	0.146638218924
45077	0.179214514286
45079	0.164484741413
45081	0.123980930233
45083	0.0553562113721
45085	0.0657176470588
53057	0.162434307692
45087	0.177995939086
45089	0.0647050458716
45091	0.137099586587
13231	0.173525510204
48255	0.104079310345
47057	-0.0242181818182
49019	0.0927622641509
5049	-0.077544
53059	0.108806435644
47059	0.165706281407
37001	0.0464519282998
37003	0.223813043478
37005	0.244682926829
37007	0.102394382022
37009	0.360646703125
37011	0.196670689655
37013	0.140581512605
53061	0.123509795521
37015	0.321723752682
37017	0.107895475113
37019	0.100283803863
37021	0.151429789242
37023	0.138727232143
37025	0.213576274714
37027	0.128417647059
37029	-0.0174160714286
37031	0.129494930876
37033	0.204188135593
37035	0.184317752007
37037	0.148309369676
37039	0.173602173913
37041	0.0214528846154
37043	0.24549
37045	0.110825289017
13001	0.0381157894737
37049	0.115434545455
47061	0.146771830986
37051	0.103873874806
37053	0.121927470356
37055	0.0975008302583
37057	0.177999428571
37059	0.18730890411
37061	0.124954751131
37063	0.109117888947
37065	0.0906437219731
37067	0.171130207101
37069	0.0916960687961
13005	0.105401298701
37073	0.0303830769231
53063	0.130813264554
37075	-0.01519125
37077	0.101280589681
37079	0.183985714286
37081	0.0727307985697
37083	0.0268635
37085	0.128268239564
37087	0.0952718592965
37089	0.131227639752
37091	0.258906382979
37093	0.163054506438
37095	0.161247167499
37097	0.131045571167
37099	0.187719935691
37101	0.0340160782025
37103	0.116844642857
37105	0.136328017241
37107	0.173063348416
37109	0.082533032491
37111	0.162457894737
37113	0.109557992565
37115	0.145743396226
37117	0.00637659574468
37119	0.127927724063
37121	0.186984483781
37123	0.118306993007
37125	0.186729799427
37127	0.194391484716
37129	0.165181182982
37131	0.10670336192
37133	0.122106427331
53065	0.223701980198
37135	0.164210748703
37137	0.11280703125
37139	0.192377973568
37141	0.127300785855
37143	0.153813084112
37145	0.152172103004
40043	0.333862439526
37147	0.107194136961
37149	0.223296
37151	0.153648787447
37153	0.0385670886076
37155	0.160763785395
37157	0.180733817427
37159	0.144284771574
37161	0.115246849315
37163	0.141462631579
37165	0.176775524476
37167	0.141152608696
37169	0.277560839161
47065	0.180104851158
37171	0.20186519337
37173	0.160184651163
37175	0.0531265072765
37177	0.22432174123
37179	0.175354643083
37181	0.199062295082
37183	0.156158412292
37185	0.13677421875
37187	0.176795193879
37189	0.209430131004
37191	0.130915915628
29001	0.033695049505
53067	0.132595092348
29003	0.0575175
29005	0.151067374625
29007	0.0593709677419
29009	0.202154237288
29011	0.0905497238979
29013	0.267474111011
29015	0.066346456958
29017	0.112020435102
29019	0.156825445898
29021	0.102501007557
29023	0.188622137405
29025	0.297532930807
29027	0.188487341772
29029	0.189962645012
29031	0.0935895348837
29033	0.0472970487838
29035	0.114217699115
29037	0.207535828877
47067	0.196181878811
29039	0.141859090909
29041	0.0387947606838
29043	0.184853883495
29045	-0.0206157251892
29047	0.152084690722
29049	0.103160204082
29051	0.171209336609
29053	0.087052173913
5059	-0.0350536866359
29055	0.0258323076923
29057	0.195356535565
29059	0.0883987278436
29061	0.210952223047
53069	0.244946904981
29063	0.169021348315
29065	0.16819787234
29067	0.0833182273057
29069	0.0563423799582
29071	0.169022622108
29073	0.252988163391
49023	0.0862536585366
29075	0.19546097561
29077	0.224278622669
29079	0.133250649351
29081	0.116012195122
21231	0.222089361702
29085	0.160564901718
29087	0.304754673171
13287	0.0795754198265
29089	-0.043104
29091	0.211383116883
29093	0.132216567538
29095	0.15177461335
29097	0.197684911987
47069	0.102625423729
29099	0.162467791707
29101	0.188428996283
29103	-0.0362249532977
29105	0.163116806723
29107	0.187867873303
29109	0.235640816327
29111	-0.0855613636364
29113	0.138001067616
29115	-0.00101370885324
29117	0.209289230769
13045	0.125920595745
29121	0.107885936884
53071	0.195473313783
29123	0.136653276478
29125	0.165187072682
29127	0.0889433628319
29129	-0.0725251865014
13047	0.0788813704497
29133	0.180727332994
29135	0.2594775
29137	0.0208715753405
29139	0.0334698795181
29141	0.177944262295
29143	0.0813464516129
29145	0.119058139535
29147	0.13472027027
29149	-0.138652554723
29151	0.248394060942
29153	0.0317274378159
29155	0.0126019736842
29157	0.0671094339623
47071	0.105817241379
29159	0.110351908397
29161	0.138764732143
29163	0.0182084745763
29165	0.129581446908
51163	0.196418617021
29167	0.209684745763
29169	0.0755255673222
29171	-0.228085278293
29173	-0.0430006358372
29175	0.00211384615385
29177	0.223918110236
29179	0.102925531915
29181	0.045299030456
53073	0.156905082285
29183	0.193199728179
29185	0.222826907279
29186	0.129339759036
29187	0.0738473076923
29189	0.140391404186
54017	0.109992693957
21001	0.158748175182
21003	0.0709231578947
21005	0.158941791045
21007	0.0185205882353
21009	0.206197153025
21011	0.188304565397
21013	0.274164071856
21015	0.125120207254
21017	0.0718486725664
21019	0.120220529801
21021	0.203876109215
21023	0.149798507463
21025	-0.052289727333
21027	0.184726153846
21029	0.13359136164
21031	0.154812765957
21033	0.212047297297
51165	0.0820120918984
21035	0.086846388443
21037	0.143431881533
21039	0.236552344989
21041	0.05284875
21043	0.0890284090909
21045	0.283558130201
21047	0.135482926829
21049	0.156367980296
53075	0.145028113879
21051	0.113784
21053	0.243306
21055	0.185819205552
21057	0.295909676236
21059	0.137964261745
21061	0.0557678571429
21063	0.244957067373
21065	0.110408567528
21067	0.159630061983
21069	0.171260346227
21071	0.0968878125
21073	0.124250976563
21075	0.075756143162
21077	0.00100588235294
21079	0.0451690140845
21081	0.100356302521
21083	0.0840737430168
21085	0.14018203125
21087	0.0592479452055
21089	0.0772171122995
21091	0.301861363636
21093	0.148911182109
21095	0.116625
21097	0.100772727273
21099	0.0422867256637
21101	0.153847214076
21103	0.219608108108
21105	0.176483326681
21107	0.0907869767442
21109	0.0574097560976
53077	0.110176075472
21111	0.154476641824
21113	0.177302710843
21115	0.130128947368
21117	0.129348639826
21119	0.29508
21121	0.16638
21123	0.236406152102
21125	0.235317898833
21127	0.0496191292104
21129	0.0957136512163
21131	0.0897396226415
21133	0.126052941176
21135	0.0925101392696
21137	-0.0446447923323
21139	0.232240909091
21141	0.111733507853
21143	0.255552272727
21145	0.147963554758
21147	0.311649056604
21149	0.0647808510638
21151	0.114580127389
21153	0.0861103776498
21155	0.156239423077
21157	0.2207928
21159	-0.025500688637
21161	0.124684285714
21163	0.203525581395
21165	0.0767971231884
21167	-0.0152963855422
21169	0.262427692759
21171	0.165220365239
6051	0.0819327645051
21173	0.244770652174
21175	0.13096710446
21177	0.130838571429
21179	0.199341509434
21181	-0.008811792293
21183	0.114991836735
21185	0.0801794244604
21187	0.0942718309859
21189	0.0563170417858
21191	0.164551401869
21193	0.21477739726
13003	0.0394489013804
21197	0.297
21199	0.17942455516
21201	0.120683614994
21203	0.18247972028
21205	0.221813013699
21207	0.232628571429
13017	0.146903225806
13019	-0.0384535714286
13021	0.0749455794778
13023	0.0719971153846
13025	0.117022993862
13027	0.221246511628
13029	0.0835463414634
21223	0.215536764706
13033	0.0879606741573
54055	0.198132236842
21229	0.0894886363636
13039	0.102011229947
21233	0.23949796042
21235	0.0880033492823
21237	0.159528320513
21239	0.149276223776
13049	0.0388813953488
54011	0.0992646351243
54013	0.0563086106438
54015	0.0802917934619
13057	0.192396846011
9003	0.143544457478
54021	0.0112771227106
54023	0.184185585956
54025	0.188582517483
54027	0.2400308746
54029	-0.0521667202572
9005	0.161207307692
54033	0.0180436447167
54035	0.0729826530612
54037	0.0890564835165
54039	0.099479685681
54041	0.233495121951
9007	0.124764067524
54045	0.114242508711
54047	0.107679940161
13089	0.085149162632
54051	0.146359133127
13093	0.0524059689492
13095	0.062747220047
13097	0.0708469830508
13099	0.0927319148936
13101	0.0778765865872
13103	0.0744652173913
13105	0.240632688555
13107	0.0985913793103
13109	0.273279661095
31075	0.0457904761905
13111	0.226997315436
13113	0.137139438202
54075	0.265374021352
54077	0.028600990099
54069	0.0522198963731
54081	0.113828698225
13123	0.183471028037
54085	0.145673684211
29510	0.123912069202
54087	0.0436746835443
54089	0.221895790006
54071	0.174988154678
54093	0.109545759753
54095	0.161010810811
54097	0.22449
54099	0.0549886120996
54101	0.0454988372093
54073	0.155847509182
13145	0.244725728155
54107	0.119600634518
54109	0.104047959184
13151	0.0777644917582
13153	0.0495469517743
13115	0.162172781955
13157	0.222739554318
13159	0.166506382979
13161	0.122514084507
13163	0.18830311284
13165	0.279095121951
13117	0.193305087089
13169	0.127513815789
13171	0.0744254237288
13173	0.0249063157895
13175	0.140013022113
13177	0.105494262295
54079	0.122366318538
13181	0.0721380008933
13183	0.215277691304
13185	0.120680947137
13187	0.23535483871
13189	0.172418918919
13121	0.134613030386
13193	0.139307704656
13195	-0.01822265625
5005	0.099222
13199	-0.00198
13201	0.0818910824676
5011	0.129183673354
13205	0.0260963855422
13207	0.135377472527
13209	-0.0268038461538
5019	0.0788709375
5021	0.120437288136
13215	0.0858585728444
5025	0.237916038956
5027	0.357674025974
5029	0.0728221153846
5031	0.207289424861
13225	0.128808154506
13227	0.167531092437
13229	0.0806510869565
5039	0.185859826919
5041	0.0150350649351
5043	0.303485915493
5045	0.104775501672
5047	0.223638111298
46009	-0.0704183813131
5051	0.147278598726
29083	0.232706024096
5053	0.172000754404
29221	0.120289882251
46015	0.0167644067797
13249	0.23492110723
13251	0.165794900178
13253	0.074235
5063	0.214617757009
5065	0.0845024096386
5067	0.0653875862069
5069	0.0550002227171
5071	0.110645962733
5073	0.142032126198
5075	0.0133024390244
5077	0.084001295016
5079	0.293170136016
5081	0.179134972065
13135	0.128346521883
5085	0.19273540856
5087	0.195484615385
46049	0.372308289855
13283	0.413249595834
5093	0.136107909162
13137	0.175564772727
5097	0.188491935484
5099	0.0641510869565
46061	0.0722109555556
46063	0.0148321651783
46065	0.0799474576271
46067	0.125085105339
46069	0.200035681818
46071	0.0805707692308
46073	0.180503522727
46075	0.158931659091
46077	-0.0594566753247
13141	0.081258041958
5121	0.018056557377
5123	0.123921710526
5125	0.186701359223
5127	0.0954410526316
5129	0.11616
54103	0.0724723404255
5133	0.146104615385
5135	0.199277922078
5137	0.223087206266
5139	0.113213651877
46101	0.148182488038
54105	0.0827727400819
46105	-0.0407432441611
46107	0.123241623188
46109	0.0851458231293
46111	0.0948871515152
46113	-0.0122935714286
13147	0.191758695652
46117	0.29679790942
46119	0.1687775
46121	0.104644733333
46123	0.0766170731707
46125	-0.0228282540727
46127	0.153482142857
46129	-0.0065921317734
46135	0.14795060241
46137	0.114071816587
49021	0.237328363636
13237	0.0914732142857
5083	0.171195652174
49001	0.143066197183
13155	0.0984622641509
13267	0.0782386010363
38001	0.0386075150758
38003	0.128621246377
38005	0.124676775981
38007	0.215195744681
38009	0.129299289231
38011	0.0834944949495
38013	0.0795713114754
38015	0.219510995851
38017	0.175870391061
38019	0.142232307692
38021	0.151959678054
38023	0.183358928571
38025	0.220119642857
38027	0.219996076097
38029	0.0799636446506
38031	0.203423409091
38033	0.227728613966
38035	0.169494296578
38037	0.0838418842823
38039	0.368486302277
38041	0.103428600686
13167	0.18963310163
46003	0.147456815476
38047	0.116057326803
38049	-0.00526736265964
38051	0.0507935014006
38053	0.211053020134
38055	0.11639010989
38057	0.124014596483
38059	0.13009875
38061	0.241204793378
38063	0.295293715611
38065	0.231752705711
38067	0.112098638298
38069	0.15032097936
47033	0.114817021277
38071	0.0579689189189
38073	0.0674860552536
38075	0.256001206814
38077	0.0796658967828
38079	0.0479754098361
38081	0.104974591985
38083	0.117642621459
38085	0.136962674854
38087	0.102691492063
38089	0.220602089552
38091	0.2089044093
38093	0.0415010526316
38095	0.0753510635271
38097	0.180861455371
38099	0.0522219512195
38101	0.136923441397
38103	0.0768845867455
38105	0.137817931034
13179	0.0370674418605
29223	0.213044742214
54083	0.0403615384615
35029	0.0913848837209
5089	0.0401072311898
51735	0.119876785714
13191	0.09255
30001	0.0201818181818
30003	0.0359192536803
30005	0.153571248411
5001	0.222177906977
30009	0.069700668954
30011	0.00479917469427
30013	-0.0342636604775
30015	0.335965982669
30017	0.102646987952
5003	0.102851908397
30021	0.267577039474
30023	0.137550496236
30025	0.108062990196
30027	0.0612226851686
30029	0.180837862797
13275	0.0210177966102
13197	0.116672705952
30033	0.026325278224
30035	0.166150580046
30037	0.0483512194029
30039	0.140380157696
30041	0.0453096
5007	0.153079283111
30045	-0.0174880744306
30047	0.220755
30049	0.193112459016
30051	0.224157352941
30053	0.143645621181
5009	0.111111678832
30057	0.0541653305799
30059	-0.0299710362245
30061	0.205297818574
30063	0.141593814433
30065	0.0196479109234
30067	0.0956342465753
30069	0.0537184064426
13239	0.169119955617
30071	0.141011498615
30073	0.173435169286
30075	-0.211395037893
30077	0.0418462282632
5013	0.204977107926
30081	0.122724401914
30083	0.00420535714286
30085	0.08682224259
48193	0.222040909091
30087	0.0617927703015
30089	0.249494505044
5015	0.260778099174
30093	0.125439873418
30095	0.149003839009
30097	-0.0610769524624
30099	0.202134104046
30101	0.10726056338
5017	0.0176513513514
30105	0.0686011111111
30107	0.016110965368
30109	0.215986876294
30111	0.122449245283
13211	0.225331034483
13213	0.294586259542
5095	0.282980357143
19007	0.0529464917001
5023	0.113319827586
48195	0.356131550325
13217	0.00610068073519
46013	0.217770186335
13219	0.23734223301
13007	0.078842422195
13221	0.157072458072
13223	0.152531644005
22001	0.034726707132
22003	0.0230590062112
22005	0.113157319392
5033	0.121766960352
22009	0.11635875
22011	0.13123960396
22013	0.00135733855186
48197	0.201218944712
22015	0.144248133595
22017	0.0944189952904
54007	0.133098947368
5035	0.0401858166189
22021	0.235258698571
22023	0.0784491167514
22025	0.154597494299
22027	-0.00015572519084
22029	0.0293975543478
5037	0.242158928571
22033	0.0985137718397
22035	-0.0144577475096
22037	-0.0417876404494
29225	0.24679245283
22039	0.0988788990826
22041	0.106103076923
13009	0.0515362285714
22043	0.142122
22045	0.0573089463221
22047	0.0840521390374
22049	0.161217073171
22051	0.0743089194313
22053	0.129811267606
13233	0.252018292683
48047	0.0546421875
22057	0.0688721003135
22059	0.176274574149
22061	0.0480152749491
22063	0.0681911431514
22065	0.0364296610169
13235	0.148249874344
22069	0.135692395437
22071	-0.0551288547387
22073	0.093163866471
48199	0.072975
22075	0.068465625
22077	0.158284337349
46005	0.191853658537
22081	0.0682702702703
46017	0.0766639038462
22083	0.0741354037267
22085	0.0309932270916
22087	0.128130508475
22089	0.0552136449779
46007	0.10831406272
22093	0.00109559877175
22095	0.0272679858657
13295	0.15716797153
22097	0.00270443131462
48373	0.125539193084
22099	0.0685904494382
22101	-0.0106466789668
13011	0.254776056338
22103	0.0708952850407
22105	0.0818480152672
22107	0.130906201713
22109	0.0182477715877
22111	0.0816936
22113	0.0439115523466
46011	0.15636350365
22117	0.2284752
21195	0.104470725389
22119	-0.0238207317073
22121	0.0673977707006
22123	0.0707465986842
22125	-0.057173553719
22127	0.141910465116
48201	0.136523976349
5055	0.274298601399
5057	0.0261385714286
48253	0.180706779661
13013	0.0525968397291
46019	0.0466981132075
5061	0.0367751269036
13241	0.141726428571
54049	0.14476779661
5103	0.0427485981308
13255	0.0340574047955
48203	0.217190489914
13257	0.211125882353
46021	0.0444512296919
13259	0.0610563714057
47035	0.122623584906
13015	0.165298212512
13261	0.185486538462
42047	0.255206657138
55001	0.268736065574
13263	0.120427261798
55005	0.0457207792208
55007	0.0446404651733
55009	0.131361971831
55011	0.0237851351351
55013	0.123081355932
13265	0.353746953073
55017	0.120311440678
55019	-0.0569878219456
55021	0.0590076372315
48205	0.234648846478
55023	0.202982802727
55025	0.130363593068
55027	0.111348603352
55029	0.12844488189
46023	-0.0144
55031	0.0711672350792
55033	0.118271328671
55035	0.117694974874
55037	0.0568257251521
13269	0.0881752239252
55041	0.204537578929
55043	0.160158196721
55045	0.0951375
55047	0.259158
55049	0.0576382978723
13271	0.177146341463
55053	0.0230727272727
55055	0.163018711656
22019	0.127751324503
55057	0.100997560976
55059	0.0787713191489
55061	0.015638961039
13273	0.123575395402
55065	0.0963432818052
55067	0.130214634146
55069	0.21075
55071	0.196427027027
49025	-0.0669236842105
55073	0.148050622407
55075	0.112191732283
5113	0.187901470588
55077	0.0538859315589
55078	0.0946276805887
55079	0.10862320214
55081	0.220931964809
48207	0.160654238365
55083	0.164573776133
55085	0.135073880597
13277	0.250612062257
55089	0.176124618321
46025	-0.137573428571
55091	-0.021856283397
55093	0.205322891566
55095	0.066121875
55097	0.181035348837
13279	0.0935711743772
55101	0.0850468248877
55103	0.250861016949
55105	0.0783411642412
55107	0.0913407656147
55109	0.190332081911
13281	0.246505263158
55113	0.0807319148936
55115	0.110606796117
55117	0.151669891304
55119	-0.0268685144435
55121	0.0954042253521
5091	0.261307438017
55125	0.256408421053
55127	0.0401178358209
55129	0.031932
5109	0.128983098592
49027	0.0594545454545
55133	0.149415725227
13285	0.143337268128
55137	0.096772582161
55139	0.0697169738118
55141	0.120634736842
48209	0.156944112264
13293	0.1541475
46027	0.0485327102804
6001	0.122952427287
6003	0.0853002271215
6005	0.0531408
13289	0.223885150301
6009	0.139500794702
6011	0.105397590361
13297	0.127952928416
6013	0.134460980433
6015	0.0847783783784
6017	0.14493551532
13291	0.100876271186
6021	0.159520714286
6023	0.11154552737
6025	0.0364815587734
6027	0.0185807743658
6029	0.0768872147709
5101	0.249905186996
6033	0.101976246334
6035	0.0857269736842
6037	0.123245465802
5111	0.145044
49029	0.13923337622
6041	0.119126404023
6043	0.092736
6045	0.146493385214
6047	0.112436055143
47009	0.156131729785
48211	0.0341866995074
47011	0.157431438936
47013	0.0830038834951
5105	0.108109277696
6057	0.0115063773485
46029	0.0976125
6059	0.145487019289
6061	0.125077392568
6063	0.0970793478261
6065	0.124530669748
5107	0.0801512195122
6069	0.0729147138965
6071	0.0921959845038
6073	0.130577900652
6075	0.0723869011272
6077	0.0728861786052
47039	0.236895969123
6081	0.126708792628
6083	0.121200175063
6085	0.123602527783
6087	0.133751245937
6089	0.173742655699
47051	0.0884535564854
6093	0.0425941558442
13243	0.325371629126
6095	0.110319097301
6097	0.153476495902
6099	0.100690054146
49031	0.22622064056
6101	0.0642007653061
47063	0.181577436823
6105	0.135095454545
6107	0.0830638069705
6109	0.0866789690722
48213	0.180022590361
6111	0.111975985861
6113	0.124499141876
47075	-0.0448096153846
47077	0.071616
46031	0.096344580463
47079	0.159248181818
47081	-0.0995842105263
47083	0.0671387755102
47085	0.038791011236
13309	0.231301256874
47089	0.107049829352
47091	0.0630903145979
29119	0.121390909091
47095	0.0522332949156
47097	0.0260282608696
47099	0.0811557251908
47101	0.0509544555083
47103	0.135762569832
47105	0.0925391061453
47107	0.108963763066
47109	0.0990893617021
47111	0.0322680724919
47113	0.10447039604
21209	0.182366367713
47115	0.123513829787
47117	0.145431940299
47119	0.10523637931
49033	0.146060274535
47121	0.186480882353
47123	0.0913962765957
47125	0.0766843934911
47127	0.2151
47129	0.0814403225806
48215	0.0726331808036
47131	0.0973170731707
47133	0.132237735849
13299	0.155603496503
47137	0.179189128512
46033	0.142441304348
47139	0.1383
47141	0.139588676996
47143	0.19293364486
47145	0.220292744479
47147	0.119556766917
47149	0.145378121331
47151	0.180913789034
47153	0.1993125
47155	0.152493998938
47157	0.189556955787
47159	0.115452
47161	-0.00374042553191
47163	0.268826312752
47165	0.15915362069
47167	0.227907120743
47169	0.164828571429
5131	0.20198597561
47173	0.126336872234
21211	0.0946914675768
47175	0.194248051948
47177	0.155248854962
5117	0.064275
49035	0.170297896272
47181	0.0174765957447
46093	0.155011764706
5115	0.115489783282
47185	0.108666371681
47187	0.201550763359
47189	0.148567930661
48217	0.211462552595
39001	0.0275211678832
13301	0.245240222992
39005	0.124414081146
46035	0.136658490566
39007	0.116324929709
39009	0.189427648115
39011	0.0676851674641
39013	0.0933138376384
39015	0.19795776699
39017	0.151307289787
39019	0.0176773972603
39021	0.0553665
29229	0.147830008883
39023	0.0460099438653
39025	0.0926800429185
39027	0.109410955414
39029	0.120098220641
39031	0.113876470588
22031	-0.0516701785714
39033	0.136288111888
39035	0.0788382236842
39037	0.0990774545455
39039	0.158002066116
39041	0.0803059386009
21213	0.0588082417582
39043	0.109278805073
39045	0.106706640927
39047	0.23168540146
49037	-0.202915736041
39049	0.114887704918
39051	0.140974889868
39053	0.0824414634146
39055	0.195004751131
6053	0.103022891566
39057	0.0590179789213
48219	0.2921325
39059	0.112744565217
39061	0.186462674874
39063	0.125651933702
39065	0.116325903614
46037	0.107277313629
39067	0.119578984579
39069	0.157700956938
39071	0.136943579767
39073	0.124426704545
39075	0.168080075188
39077	0.204780163043
39079	0.117456069364
39081	0.0522167088608
39083	0.0981497560976
39085	0.11819436265
39087	0.119281737194
39089	0.108776047904
39091	0.138294230769
39093	0.113807798834
39095	0.0992227344992
39097	0.106663561644
39099	0.11889539117
39101	0.168507021792
21215	0.0546132911392
39103	0.169762424648
39105	0.10483006993
39107	0.215458064516
49039	0.0890123076923
39109	0.202630956522
39111	0.09569452566
39113	0.138809013506
39115	0.0366527027027
39117	0.181460655738
39119	0.0606759375
39121	0.220308510638
39123	0.116334107709
39125	0.0566513513514
46039	0.2619108
39127	0.07257
39129	0.123518181818
39131	0.232108132753
39133	0.0944483965015
39135	0.110589795918
39137	0.0770506578947
39139	0.103288677966
39141	0.134857268722
39143	0.115194508009
39145	0.0787349112426
39147	0.174705780347
39149	0.173307272727
39151	0.118892097532
39153	0.117204003348
39155	0.0861862436833
39157	0.183155679287
39159	0.128873239437
39161	0.130944705882
13245	0.105863037249
39163	0.131956315368
39165	0.190096207792
54053	0.197234579439
39167	0.135091764706
49041	0.0710943396226
39169	0.148670127796
39171	0.12437689243
39173	0.158424681122
39175	0.106513636364
48223	0.0302596551724
1069	0.173151398601
46041	0.189102439024
31107	-0.292281818182
31001	0.255802392344
31003	-0.170163426962
31005	-0.00281218386876
31007	0.0184734960841
31009	-0.00428344522145
31011	0.0308344090909
31013	-0.112183976158
31015	0.0174663739669
31017	-0.109073172414
31019	0.135054135338
31021	0.222586764706
31023	0.236236726123
31025	0.153057763975
31027	0.0674414634146
31029	-0.184415977106
21219	0.0685707692308
31033	0.052287804878
31035	0.148264331214
49043	0.0678957733813
31037	0.0962500513257
31039	0.127692857143
31041	0.13257804878
51595	0.0889711030772
31045	0.0768020547945
12001	0.141340941904
31049	0.0436493271728
1079	0.250541958042
31053	0.202817763158
46043	0.151635568182
31055	0.12876490557
31057	-0.362146943891
12003	0.177816831683
31061	-0.065338541342
1081	0.191316189897
31065	0.0173766238377
31067	0.10035
31069	0.0132546258503
29131	0.0772445454545
20197	0.083475
31073	0.0925609324009
42043	0.109074512497
31031	0.194938
31077	0.139076752228
31079	0.15174029484
47135	0.0905767482198
31081	0.201728089888
20199	-0.19522995658
31085	-0.0609664513557
42045	0.133864877571
31089	-0.241721538462
21221	0.140889473684
31093	0.232681714384
12009	0.144196508026
31097	0.23975921674
31099	-0.0279772445887
31101	-0.0807903696742
31103	0.0352178787879
31105	0.0450396902219
12011	0.108758998535
31109	0.103286991618
31111	0.186551046025
31113	0.0480648889532
46045	0.191067424242
31115	0.0309121818182
31117	0.0508001674641
12013	0.194814893617
31121	0.0981562290517
31123	-0.00113716941392
31125	0.0879694880271
31127	0.186590195661
31129	0.0160650343447
12015	0.117699473684
31133	0.207267159398
1093	0.155197058824
31137	0.138482188874
31131	0.287808510638
31141	0.234121621622
20209	0.121591856233
31145	0.137743902439
31043	0.116101764706
42055	0.176992132867
31149	-0.0277735873016
31151	0.0638490566038
31153	0.155858463035
31155	-0.003882
31157	0.0505112359551
42057	0.132114606742
31161	0.0557350171891
31135	-0.0667057542414
31165	0.0463692097766
31167	0.0466024390244
31169	0.101906847525
42059	0.0541011235955
13313	0.146811185309
31173	0.0690439655172
46047	0.110983928571
31175	0.181418894949
31177	0.157162025316
31179	0.124890697674
31181	0.0171135463346
1101	0.105746538964
31185	0.189582178218
31139	-0.0325120481928
23001	0.101463373083
1103	0.223583314286
23005	0.146064211957
23007	0.109571005917
23009	0.146935175879
23011	0.131525559105
23013	0.142630714286
1105	0.215890523392
23017	0.100605780347
31143	-0.0574357179487
23021	-0.00510882352941
23023	0.164201574803
23025	0.0750219163579
1107	-0.0333060402685
23029	0.0915980869565
23031	0.180074421169
48231	0.163830676692
37047	0.0708888157895
42069	0.131702741813
13315	0.221951417312
31147	0.222138431373
55051	0.241651813668
42071	0.126724952173
1113	0.148645816733
31047	0.111657303371
42075	0.119828978622
13247	0.115448731642
21227	0.134755686506
42077	0.099404164576
53001	0.154919382921
42079	0.167706774194
13317	0.295926005673
31087	-0.0820147471264
46051	0.0693955115079
53003	0.180272560976
42081	0.0698687888199
31159	0.082002
53005	0.154499213974
42083	0.201082105263
53007	0.168827568493
42085	0.151290304397
31163	0.205050613191
53009	0.146664225941
42087	0.132454054054
12051	0.0306295774648
42089	0.0979954812472
13319	0.122837693817
46053	0.103559994048
53013	0.129051797933
42091	0.144797168233
53015	0.130444475138
42093	0.14017826087
31171	0.0466834832536
53017	0.0881061452514
15001	0.172012211785
31051	0.166853143234
15003	0.147914816459
15005	0.144334701213
15007	0.182818688293
15009	0.198942287751
53019	0.106085106383
5119	0.121800167271
53021	0.100331197772
13321	0.08217
46055	0.121525000189
53023	0.113611378895
56001	0.127834615385
56003	-0.0118749917864
56005	0.149881114551
53025	0.116723595506
56009	0.152949056604
56011	0.0669226415094
56013	-0.02142
56015	-0.0541170731707
56017	0.121624780546
53027	0.222798681542
56021	0.173835576923
56023	0.0481901067423
56025	0.0747979829325
56027	-0.0618252464922
56029	0.104050515464
12069	0.0976251299008
56033	0.107686956522
56035	0.0821410105532
56037	0.100411165049
56039	0.171618660287
56041	-0.0149322580645
12071	0.13412320554
56045	-0.223808515992
46057	0.0440761088435
53033	0.132917899098
13303	0.161740909091
53035	0.112037004175
13051	0.13730130132
53037	0.139306329114
1049	0.0513078688525
53039	0.20106
5141	0.120396923077
23003	0.0987469055375
12081	0.128346166557
46059	0.200340863095
53043	0.204911134432
53045	0.137671129707
13053	0.0579857142857
22055	0.101351010638
53047	0.165715792923
55039	0.177725290023
51683	0.0725545126354
53049	0.110780988593
5143	0.175790617935
51685	0.00977633587786
53051	0.1619625
23015	0.111584117647
53053	0.113386495703
55063	0.183886893204
13031	0.113357858136
53055	0.138642297879
13055	0.0532909090909
48001	0.161800990099
48003	0.117
48005	0.18199556962
48007	0.206082802548
48009	0.000618103448276
31059	0.201441417798
48011	0.293528441749
1053	0.0358309597523
48013	0.0367439306358
48015	0.242475
48017	0.30706317406
48019	0.241622123894
5145	0.193518090452
48021	0.103052467105
48023	0.312446884783
48025	0.202110638298
48027	0.240772168614
48029	0.14927800578
48031	0.151557692308
48033	0.0909624084249
48035	0.368963076923
48037	0.191572635815
48039	0.122550297703
48041	0.187014636175
48043	-0.0121498078043
48045	0.166366629031
38045	0.135878882143
48049	0.0207138376384
48051	0.0841267605634
48053	0.394161796247
48055	0.106611349693
48057	0.03042
48059	0.254067391304
48061	0.102785321318
48063	0.0749173469388
48065	0.322737904736
48067	0.111621818182
48069	0.167496499772
48071	0.172031803279
48073	0.115565546218
48075	0.184803715285
48077	0.135890769231
48079	0.215846887962
5147	0.0885753361499
48081	0.132906113086
48083	0.062858490566
48417	0.13780497611
48085	0.163440084545
48087	0.156807421193
48089	0.102766551724
48091	0.17389219635
48093	0.218888164161
48095	-0.0140440390351
48097	0.246772258065
48099	0.26103
48101	0.083543038961
48103	0.307185365854
48105	0.235957627119
48107	0.104513763408
48109	-0.000823770491803
48111	0.247486818863
48113	0.167359562032
48115	0.0755969774337
48117	0.134476216216
48119	0.110270897377
13059	0.124669329446
48121	0.167258610603
48123	0.0264943708609
48125	-0.0221890421405
48127	0.121290158602
48129	0.214794153209
31063	0.0558555015423
48131	0.0491174273392
48133	0.123263076923
48135	0.185863597122
48137	0.140820530486
48139	0.185487506149
5149	0.1422984375
48141	0.18166281484
48143	0.150230144404
48145	0.138951219512
48147	0.148991596639
48149	0.16905
48151	0.204805949756
48153	0.1680675
48155	0.196945168831
48157	0.13316460374
48159	0.134220779221
48161	0.105953097345
48163	0.111125217391
48165	0.0550373493976
48167	0.160570860435
48169	0.160119512195
48171	0.2382
13305	0.194131730769
48173	0.116289979354
48175	0.157246752405
48177	0.0595043478261
48179	0.222285542169
13061	0.201830764558
48181	0.338749026249
48183	0.264112101064
48185	0.153457009346
48187	0.0303237096774
48189	0.213668263473
48191	0.214452313558
40001	0.15965876041
40003	0.0702818181818
40005	0.198697058824
40007	0.365648623126
40009	0.159808396947
40011	0.341439622642
40013	0.122815755627
40015	0.0401215291751
40017	0.156310659898
40019	0.309854508197
40021	0.163284036145
40023	0.178763871179
40025	0.256815360504
40027	0.15154019775
40029	0.322888880939
40031	0.124353982301
40033	-0.0357255315568
49015	0.125951785714
40035	0.140412080537
40037	0.132737201365
48225	0.0171109090909
40039	0.231363157895
48233	0.232438636364
48235	-0.00686760154062
40045	0.371556255708
40047	0.124887096774
13063	0.0803804440497
40049	0.350448251748
40051	0.121080602007
40053	0.0352881355932
40055	0.029886
40057	0.240431595669
40059	0.3925919093
40061	0.121610769231
40063	0.163622727273
40065	0.192477464789
54059	0.151968292683
40067	0.116470786517
40069	0.251057142857
40071	0.158427
40073	0.323762337662
40075	0.123980487805
40077	0.139069354839
40079	0.0930395604396
40081	0.120404318182
48275	0.123915508929
40085	0.259181879195
31091	0.0864967009916
40087	0.198220481928
40089	0.199520886076
40091	0.361572
40093	0.191605102041
40095	0.0174372262774
40097	0.0617007782101
40099	0.32787761194
40101	0.227438247012
40103	0.102229591837
40105	0.28124687109
40107	0.187376785714
13065	-0.0257680851064
40109	0.202926202894
40111	0.294432743363
40113	0.209874657534
40115	0.171338931298
40117	0.183695901639
40119	0.196525176946
40121	0.251886602871
40123	0.327556050955
40125	0.181104469274
40127	0.227686198308
40129	0.307822675223
40131	0.177317850288
40133	0.17386171875
40135	0.0617037735849
40137	0.174563076923
40139	0.271071028037
48333	0.190903981025
37071	0.115844749887
48335	0.0222446808511
40145	0.127622686567
40147	0.180881974249
54005	-0.146836363636
40149	0.0800805194805
40151	0.171879069767
40153	0.16216056338
48347	0.157360514019
48349	0.0198842245989
48351	0.134016
48353	0.1821609375
48355	0.137940542285
48357	0.292048859475
48359	0.137750467493
13067	0.121629396705
48361	0.0700819565217
48363	0.178907462687
30055	0.106626681818
48367	0.135751366503
48369	0.260063387463
31071	0.0532381269841
48371	0.0894278571429
1065	-0.0318764150943
48375	0.19521718946
48377	0.00750637518319
48379	0.0424941176471
21217	0.221134951456
48381	0.20066700611
48383	0.107047575484
32001	0.0392853658537
32003	0.132208089281
32005	0.148608563536
32007	0.133761081081
32009	0.0208706896552
32011	-0.105729230769
32013	-0.0221808510638
32015	-0.117903439003
32017	0.01815375
32019	0.0428375838926
32021	-0.0894290322581
32023	0.0664284530387
48409	0.1326462
32027	-0.120061363636
32029	0.116023216906
32031	0.0308864401126
32033	0.0245535211268
48419	0.14350212766
13069	0.10939921875
48421	-0.0642613636364
48423	0.0946825894504
48425	0.24011484375
48427	-0.0141071274298
48429	0.109272
48431	0.0607045168165
48433	0.0272361254579
48435	0.0631153846154
48437	0.179553658537
48439	0.164517580179
48441	0.208279606025
48443	0.235475248515
48445	-0.0484751351351
48447	0.236698254755
48449	0.239958577406
48451	0.122329115342
48453	0.162967244895
48455	0.17920125
48457	0.122275247525
48459	0.0498319796954
48461	0.213316887725
48463	0.143475982533
48465	0.123791596639
48467	0.125219758065
48469	0.0529097237569
48471	0.121854988399
13307	0.0
48473	0.071004315197
48475	0.0183709923664
48477	0.351675836431
48479	0.0932182851729
13071	0.0736217821782
48481	0.188398324022
48483	0.248239956631
48485	0.175791795807
48487	0.179966037736
48489	-0.0405919883828
48491	0.240761996202
48493	0.14101281407
48495	0.301838882671
48497	0.215209411765
48499	0.16703755102
48501	0.143595993015
48503	0.114983076923
48505	-0.00106452224983
48507	0.0876167832168
49045	0.172944525547
46079	0.119465853659
49047	0.163309090909
49049	0.166925357517
13073	0.14671868743
47171	0.285769447433
49051	0.03015
1071	0.0105903314917
54061	0.116634167894
49053	0.15586687737
49055	0.118873584906
24001	0.0629650909091
24003	0.128256771415
46081	0.156091791045
24005	0.0893630656339
49057	0.156115231788
24009	0.0973287553648
24011	0.0760387283237
24013	0.174481929047
24015	0.0363912162162
13035	0.0938357142857
24017	0.0486549295775
24019	0.107050318471
24021	0.152947748344
24023	0.165688546256
13075	0.207072289157
24025	0.124727570332
24027	0.106679001387
24029	0.1401888
24031	0.120520890202
24033	0.0968856740808
24035	0.0900732899023
1073	0.116395405771
24039	0.184595049505
24041	0.0982113157895
24043	0.0938738659794
24045	0.0903195652174
24047	0.103098371336
46083	0.279170689655
13077	0.0617859375
40041	0.244125
46085	0.248698371429
13079	-0.019236
31083	0.0718641509434
1077	0.208698622881
6055	0.156216769181
46087	0.194252075702
16001	0.189171505102
16003	0.0415295116683
16005	0.0822324120603
16007	-0.0101216469591
16009	0.0827244495898
16011	0.0377796610169
13081	0.180213529412
16013	0.149347959184
16015	0.0542264150943
16017	0.132793421053
47179	0.227670461538
16019	0.137350276243
16021	0.03670125
16023	0.0978815329575
16025	0.110978655243
16027	0.153819209559
16029	0.00986406143577
16031	0.0961372881356
16033	0.0538967062746
16035	0.238340425532
16037	0.112761626126
16039	0.160577227723
16041	0.132920454545
13091	0.143048684211
16043	0.0841107692308
16045	-0.0174597358556
16047	0.232751996785
16049	-0.00578181818182
16051	0.110749825426
46089	0.134152623188
16053	0.0115232142857
16055	0.174879352227
16057	0.071476056338
16059	0.0927051171228
16061	0.0860813236157
16063	0.0390609519615
16065	0.117323964497
16067	0.0847276595745
16069	0.133551923077
16071	0.0921778553622
13083	0.0759903409091
16073	0.084504270135
16075	0.154295798319
16077	0.0813037182192
16079	0.12470471441
16081	0.182041136084
16083	0.163316976127
16085	0.186853636364
16087	0.039956491969
54063	0.196523131691
54001	0.192212307692
46115	0.0870142758621
46091	0.211805104167
13037	0.0401226583408
32510	0.122990993072
13085	0.202814932127
47183	0.0968965909091
54003	0.125922610015
42001	0.1436716141
48249	0.0865243614931
13087	-0.0664579591837
8001	0.0864718501703
8003	0.271276363636
8005	0.107157549168
8007	0.0385879120879
8009	-0.140863636364
8011	-0.066489533183
24037	0.0580001420455
8013	0.162657349966
8014	0.143759730034
8015	0.0677011363636
8017	-0.320694398784
8019	0.190029677419
8021	0.136706193931
8023	0.0910307939608
8025	0.0290811738932
8027	0.279694273283
8029	0.0656795454545
8031	0.118561682243
42003	0.137991667538
8033	0.0862199161157
8035	0.140100262927
8037	0.166654931507
8039	0.0210115384615
46095	0.131006958333
8041	0.0569657495667
8043	0.0798276315789
8045	0.123191292135
8047	0.11497173913
8049	0.168028346457
39003	0.158394768764
8051	0.188111157025
8053	0.0487626164242
8055	0.0425362939068
8057	0.103678818549
8059	0.137499350649
8061	-0.193508495695
8063	-0.14945390625
8065	0.108679245283
22091	0.172445192308
8067	0.099843956044
8069	0.149483234624
8071	-0.136406756757
8073	0.0364531914894
8075	0.134288135593
8077	0.143887364621
8079	0.00878750931875
8081	-0.0490204918033
8083	0.196937956204
8085	0.0436660714286
8087	-0.0145575
8089	0.00508085106383
8091	0.0841741024091
42005	0.0990626373626
8093	0.0944594117647
8095	0.083874
47073	0.221500359712
8097	0.152334696133
8099	0.0159532258065
46097	-0.0762428104575
8101	0.174252751423
8103	0.103898226294
8105	-0.00552951831558
8107	0.152621632653
8109	0.0450063944529
8111	0.184586429206
13311	0.135374744027
8113	0.210941772152
8115	0.110055163061
8117	0.152511968504
8119	0.101445283019
8121	-0.0192775862069
8123	0.15065137881
8125	-0.0661610526316
24510	0.0400006210224
48227	0.192541747573
31095	0.139819863585
1089	0.117480768265
54009	0.0681225181598
49013	0.0875576990316
42007	0.0977726738492
30031	0.111668134415
47027	0.148772429386
46099	0.187852747253
9001	0.118039251219
